Order_Date,Category,Sub_Category,Region,Sales_USD,Profit_USD,Discount_Pct,Profit_Margin_Pct,Predicted_Margin,Margin_Error
2021-05-26,Office Supplies,Envelopes,West,70.79,1.71,0.2,2.41,4.55,2.14
2024-10-02,Office Supplies,Labels,South,56.25,3.51,0.2,6.24,6.08,0.16
2022-03-02,Furniture,Storage,South,70.78,0.11,0.0,0.16,1.11,0.95
2021-10-19,Office Supplies,Paper,South,113.65,30.0,0.0,26.4,26.17,0.23
2021-01-20,Office Supplies,Envelopes,South,198.64,-7.11,0.3,-3.58,-1.67,1.91
2022-10-05,Technology,Copiers,East,505.7,95.43,0.0,18.87,18.23,0.64
2024-01-08,Office Supplies,Envelopes,West,547.28,100.81,0.0,18.42,18.01,0.41
2021-05-10,Furniture,Tables,East,247.37,25.28,0.0,10.22,10.39,0.17
2023-05-07,Office Supplies,Envelopes,West,984.58,-11.91,0.3,-1.21,0.43,1.64
2023-12-01,Technology,Copiers,South,244.72,48.33,0.0,19.75,20.64,0.89
2022-06-26,Technology,Accessories,West,792.33,-5.47,0.2,-0.69,-0.8,0.11
2021-06-24,Furniture,Storage,West,402.36,-33.07,0.2,-8.22,-7.22,1.0
2022-10-04,Furniture,Bookcases,West,393.75,24.26,0.0,6.16,6.49,0.33
2023-02-28,Office Supplies,Binders,South,258.54,17.81,0.2,6.89,5.86,1.03
2024-06-26,Technology,Copiers,West,34.03,6.64,0.0,19.5,20.66,1.16
2022-02-02,Furniture,Tables,Central,127.62,12.98,0.0,10.17,9.91,0.26
2022-12-09,Office Supplies,Binders,South,140.42,31.43,0.0,22.38,21.13,1.25
2023-10-24,Technology,Accessories,East,133.57,-17.84,0.4,-13.36,-15.38,2.02
2021-08-05,Technology,Computers,West,97.87,20.81,0.0,21.26,22.26,1.0
2023-07-16,Technology,Accessories,West,1136.7,110.94,0.1,9.76,9.52,0.24
2024-01-17,Furniture,Tables,West,211.68,-62.87,0.5,-29.7,-30.85,1.15
2024-04-06,Office Supplies,Binders,Central,497.58,68.96,0.1,13.86,14.08,0.22
2021-11-18,Technology,Phones,South,222.9,1.67,0.2,0.75,1.61,0.86
2022-07-19,Furniture,Bookcases,Central,87.05,-5.56,0.2,-6.39,-7.3,0.91
2023-10-13,Furniture,Storage,West,347.82,-25.67,0.2,-7.38,-8.82,1.44
2021-05-16,Office Supplies,Envelopes,South,519.85,47.72,0.1,9.18,9.36,0.18
2024-08-02,Technology,Phones,South,310.8,68.07,0.0,21.9,21.03,0.87
2021-01-08,Furniture,Storage,West,318.19,28.26,0.0,8.88,8.17,0.71
2021-12-13,Furniture,Tables,East,363.19,-21.07,0.2,-5.8,-6.75,0.95
2023-03-04,Technology,Copiers,South,146.93,-1.29,0.2,-0.88,0.22,1.1
2024-07-26,Office Supplies,Pens,East,102.45,22.3,0.0,21.77,22.11,0.34
2021-12-03,Office Supplies,Pens,East,139.27,11.91,0.2,8.55,8.94,0.39
2022-02-13,Office Supplies,Envelopes,Central,449.02,98.65,0.0,21.97,22.16,0.19
2024-11-07,Furniture,Bookcases,South,14.67,-3.31,0.4,-22.58,-22.65,0.07
2022-06-29,Technology,Copiers,Central,119.45,21.11,0.0,17.67,15.92,1.75
2024-12-16,Furniture,Bookcases,East,367.25,2.53,0.1,0.69,-0.12,0.81
2022-03-09,Furniture,Bookcases,Central,114.99,10.75,0.0,9.35,11.13,1.78
2024-03-11,Furniture,Bookcases,East,615.39,-138.16,0.4,-22.45,-18.6,3.85
2023-09-09,Technology,Copiers,South,161.64,21.53,0.0,13.32,15.32,2.0
2021-02-24,Office Supplies,Binders,East,244.69,50.8,0.0,20.76,20.84,0.08
2024-11-10,Furniture,Bookcases,East,241.06,15.38,0.0,6.38,7.16,0.78
2023-11-27,Office Supplies,Envelopes,East,25.92,5.3,0.1,20.43,21.06,0.63
2023-12-23,Technology,Computers,South,386.15,54.37,0.0,14.08,12.09,1.99
2021-09-11,Furniture,Chairs,East,996.21,-182.51,0.3,-18.32,-16.66,1.66
2023-08-18,Technology,Accessories,East,92.25,17.35,0.0,18.81,21.05,2.24
2021-01-22,Technology,Computers,West,173.21,37.76,0.0,21.8,21.09,0.71
2022-11-10,Furniture,Storage,West,39.67,2.52,0.0,6.35,7.45,1.1
2023-07-03,Technology,Accessories,East,297.02,4.78,0.2,1.61,1.14,0.47
2024-10-10,Furniture,Storage,West,242.55,-15.28,0.2,-6.3,-6.15,0.15
2024-04-13,Office Supplies,Envelopes,South,349.19,51.26,0.1,14.68,14.41,0.27
2022-07-05,Office Supplies,Binders,West,326.22,63.12,0.0,19.35,18.65,0.7
2021-02-03,Technology,Accessories,East,354.66,73.24,0.0,20.65,20.19,0.46
2021-02-27,Furniture,Bookcases,West,215.58,-13.82,0.2,-6.41,-6.59,0.18
2024-12-17,Technology,Phones,West,109.4,22.14,0.0,20.24,20.85,0.61
2023-09-20,Furniture,Chairs,Central,270.64,-55.75,0.3,-20.6,-20.24,0.36
2022-04-13,Office Supplies,Binders,Central,42.65,-2.59,0.4,-6.08,-6.06,0.02
2024-10-28,Office Supplies,Pens,West,26.49,-2.97,0.4,-11.23,-10.25,0.98
2023-03-20,Office Supplies,Envelopes,Central,213.79,48.34,0.0,22.61,21.81,0.8
2021-03-26,Technology,Copiers,West,480.46,9.42,0.2,1.96,1.06,0.9
2024-06-19,Office Supplies,Paper,West,410.72,68.47,0.1,16.67,17.17,0.5
2021-04-29,Furniture,Bookcases,East,372.16,36.03,0.0,9.68,10.55,0.87
2024-08-18,Technology,Computers,Central,271.18,-18.85,0.3,-6.95,-6.49,0.46
2022-09-12,Technology,Copiers,South,151.61,28.7,0.0,18.93,20.41,1.48
2023-12-18,Furniture,Bookcases,Central,180.99,22.32,0.0,12.33,10.42,1.91
2022-11-29,Technology,Accessories,West,419.02,1.59,0.2,0.38,-1.04,1.42
2021-04-18,Technology,Copiers,West,85.92,-11.45,0.4,-13.33,-13.32,0.01
2024-12-24,Office Supplies,Pens,South,33.53,6.67,0.0,19.89,18.92,0.97
2023-06-25,Furniture,Tables,Central,704.27,54.02,0.0,7.67,8.65,0.98
2024-11-23,Furniture,Storage,South,196.92,11.26,0.0,5.72,5.87,0.15
2024-08-22,Office Supplies,Binders,West,121.11,-5.69,0.3,-4.7,-4.21,0.49
2021-08-29,Technology,Computers,East,171.68,17.91,0.1,10.43,11.47,1.04
2022-07-28,Technology,Computers,West,206.39,-36.9,0.5,-17.88,-18.56,0.68
2021-03-24,Office Supplies,Pens,West,556.66,51.32,0.1,9.22,8.62,0.6
2023-11-27,Furniture,Storage,West,239.29,-17.95,0.2,-7.5,-6.69,0.81
2023-09-08,Furniture,Tables,Central,95.25,-3.91,0.1,-4.11,-3.57,0.54
2023-01-30,Furniture,Storage,Central,46.16,-1.55,0.2,-3.35,-3.23,0.12
2021-02-12,Technology,Computers,South,256.93,-23.28,0.3,-9.06,-9.33,0.27
2024-12-02,Office Supplies,Labels,West,315.96,-4.11,0.3,-1.3,-0.5,0.8
2023-01-21,Furniture,Tables,East,159.39,-1.29,0.1,-0.81,-0.09,0.72
2022-01-13,Office Supplies,Envelopes,East,301.93,-6.16,0.3,-2.04,-1.24,0.8
2021-04-21,Technology,Computers,East,213.55,30.09,0.0,14.09,14.76,0.67
2023-10-14,Technology,Accessories,Central,273.67,19.92,0.1,7.28,7.84,0.56
2021-03-01,Technology,Accessories,South,202.71,1.34,0.2,0.66,0.18,0.48
2022-06-04,Technology,Computers,South,138.14,31.84,0.0,23.05,25.43,2.38
2024-06-29,Furniture,Tables,West,220.0,-22.22,0.2,-10.1,-9.89,0.21
2021-11-02,Office Supplies,Labels,West,107.25,-4.52,0.3,-4.21,-3.63,0.58
2024-07-31,Office Supplies,Paper,South,148.09,24.51,0.1,16.55,15.56,0.99
2021-06-03,Furniture,Bookcases,Central,19.28,-3.76,0.3,-19.51,-21.17,1.66
2021-06-24,Office Supplies,Labels,South,16.08,3.23,0.0,20.06,18.98,1.08
2023-05-03,Technology,Phones,South,202.72,34.69,0.0,17.11,19.28,2.17
2022-06-15,Furniture,Tables,Central,420.46,-4.88,0.1,-1.16,-1.83,0.67
2021-01-12,Furniture,Storage,East,94.05,1.4,0.1,1.49,1.3,0.19
2021-09-11,Technology,Computers,East,94.69,15.36,0.0,16.22,15.36,0.86
2024-09-01,Office Supplies,Binders,Central,25.9,5.83,0.0,22.52,23.43,0.91
2023-04-15,Office Supplies,Binders,East,66.22,4.17,0.2,6.3,7.05,0.75
2023-12-11,Office Supplies,Labels,South,78.85,-10.04,0.4,-12.73,-12.09,0.64
2022-04-14,Office Supplies,Binders,East,448.02,108.82,0.0,24.29,24.3,0.01
2022-01-07,Office Supplies,Binders,East,133.12,33.31,0.0,25.02,24.44,0.58
2021-06-05,Technology,Phones,West,47.23,6.55,0.1,13.87,14.33,0.46
2021-09-22,Technology,Computers,South,1015.95,188.05,0.0,18.51,18.6,0.09
2024-01-01,Office Supplies,Binders,South,393.61,93.44,0.0,23.74,24.24,0.5
2022-04-07,Furniture,Bookcases,West,71.89,7.35,0.0,10.23,10.47,0.24
2022-03-17,Furniture,Chairs,East,518.82,-10.53,0.1,-2.03,-4.26,2.23
2021-12-01,Office Supplies,Binders,West,141.72,28.0,0.0,19.76,19.81,0.05
2024-03-05,Office Supplies,Pens,East,853.19,28.84,0.2,3.38,2.98,0.4
2021-07-28,Technology,Phones,South,415.81,53.68,0.1,12.91,13.63,0.72
2022-07-08,Furniture,Tables,East,214.35,-16.59,0.2,-7.74,-8.69,0.95
2023-11-21,Technology,Copiers,South,161.89,1.17,0.2,0.72,0.17,0.55
2024-04-22,Furniture,Bookcases,Central,283.72,6.1,0.1,2.15,3.72,1.57
2021-08-12,Furniture,Tables,South,272.68,5.34,0.1,1.96,1.9,0.06
2021-05-30,Technology,Copiers,East,41.87,8.34,0.0,19.93,21.49,1.56
2022-09-12,Technology,Copiers,West,378.52,89.52,0.0,23.65,25.0,1.35
2021-08-30,Technology,Computers,South,560.6,-84.03,0.4,-14.99,-15.46,0.47
2022-07-08,Furniture,Bookcases,West,131.11,12.6,0.0,9.61,8.25,1.36
2023-02-24,Technology,Phones,East,497.14,74.37,0.0,14.96,13.31,1.65
2022-10-23,Office Supplies,Paper,Central,137.83,2.05,0.2,1.49,1.23,0.26
2022-02-10,Office Supplies,Binders,Central,64.28,16.15,0.0,25.12,24.42,0.7
2024-12-26,Furniture,Storage,East,336.78,18.86,0.0,5.6,5.44,0.16
2022-05-26,Technology,Accessories,West,121.29,26.74,0.0,22.05,21.72,0.33
2024-02-07,Furniture,Chairs,West,21.17,-0.45,0.1,-2.14,-2.03,0.11
2021-05-31,Office Supplies,Paper,East,239.36,44.95,0.1,18.78,18.76,0.02
2024-03-15,Technology,Accessories,Central,429.81,78.18,0.0,18.19,19.14,0.95
2021-01-29,Office Supplies,Envelopes,South,387.6,31.67,0.2,8.17,7.04,1.13
2024-03-21,Furniture,Chairs,Central,262.8,-28.51,0.3,-10.85,-10.41,0.44
2021-05-07,Furniture,Storage,South,503.29,-146.36,0.4,-29.08,-29.98,0.9
2022-09-08,Furniture,Bookcases,West,79.92,7.18,0.0,8.98,7.73,1.25
2021-02-19,Furniture,Chairs,Central,304.06,20.13,0.0,6.62,7.71,1.09
2024-11-23,Technology,Phones,East,455.95,77.06,0.0,16.9,17.37,0.47
2021-02-02,Technology,Computers,East,210.5,-14.76,0.3,-7.01,-5.66,1.35
2022-09-08,Furniture,Chairs,South,370.04,6.85,0.1,1.85,0.65,1.2
2022-02-05,Furniture,Tables,West,66.51,5.71,0.0,8.59,7.61,0.98
2023-12-05,Technology,Phones,West,216.43,-1.52,0.2,-0.7,-1.61,0.91
2022-07-14,Furniture,Storage,West,338.12,25.46,0.0,7.53,8.34,0.81
2024-08-29,Furniture,Tables,South,141.03,-34.81,0.4,-24.68,-23.47,1.21
2021-11-10,Office Supplies,Pens,East,203.91,12.83,0.2,6.29,6.47,0.18
2022-05-03,Office Supplies,Envelopes,Central,281.22,83.47,0.0,29.68,29.58,0.1
2023-05-24,Furniture,Tables,West,136.65,17.71,0.0,12.96,12.26,0.7
2023-05-12,Technology,Accessories,Central,522.95,-6.59,0.2,-1.26,-0.33,0.93
2023-02-01,Office Supplies,Labels,South,504.19,-40.39,0.4,-8.01,-7.0,1.01
2023-07-20,Furniture,Storage,South,436.13,-24.38,0.2,-5.59,-4.66,0.93
2021-03-06,Technology,Computers,West,322.1,7.83,0.2,2.43,2.05,0.38
2023-12-04,Office Supplies,Binders,Central,253.45,29.91,0.1,11.8,11.44,0.36
2022-04-11,Office Supplies,Paper,Central,876.15,123.36,0.1,14.08,14.11,0.03
2024-07-16,Furniture,Bookcases,West,325.09,17.65,0.0,5.43,8.17,2.74
2023-08-25,Office Supplies,Paper,Central,165.5,24.05,0.1,14.53,15.92,1.39
2024-10-03,Technology,Computers,West,661.41,14.88,0.2,2.25,3.32,1.07
2022-02-01,Office Supplies,Pens,Central,12.86,3.83,0.0,29.79,29.14,0.65
2021-06-11,Technology,Computers,East,172.27,12.71,0.1,7.38,8.17,0.79
2024-08-22,Furniture,Storage,East,584.83,-74.68,0.2,-12.77,-12.13,0.64
2024-10-11,Office Supplies,Binders,Central,155.51,13.92,0.2,8.95,8.74,0.21
2023-01-19,Office Supplies,Labels,East,64.83,-9.4,0.5,-14.5,-12.88,1.62
2021-11-12,Furniture,Bookcases,East,155.4,14.84,0.0,9.55,10.74,1.19
2023-10-14,Technology,Accessories,South,1594.01,354.83,0.0,22.26,21.69,0.57
2022-07-26,Office Supplies,Pens,East,302.6,16.95,0.2,5.6,6.73,1.13
2023-08-15,Office Supplies,Envelopes,West,668.79,-61.13,0.4,-9.14,-8.81,0.33
2024-11-05,Technology,Accessories,Central,109.13,19.8,0.0,18.14,17.51,0.63
2024-08-16,Technology,Copiers,West,1439.44,260.97,0.0,18.13,19.16,1.03
2023-08-20,Office Supplies,Paper,South,260.23,59.12,0.0,22.72,23.03,0.31
2021-10-04,Technology,Accessories,Central,62.45,11.83,0.0,18.95,18.32,0.63
2022-05-05,Technology,Accessories,West,626.35,109.61,0.0,17.5,17.65,0.15
2021-10-09,Furniture,Bookcases,Central,10.34,-0.25,0.1,-2.43,-1.57,0.86
2023-02-28,Technology,Computers,Central,1201.95,51.2,0.2,4.26,2.91,1.35
2021-09-20,Office Supplies,Pens,East,15.58,2.02,0.1,12.95,14.06,1.11
2023-10-31,Technology,Phones,East,840.48,12.1,0.2,1.44,1.04,0.4
2023-05-18,Furniture,Chairs,East,202.49,28.47,0.0,14.06,13.32,0.74
2021-01-02,Office Supplies,Labels,Central,526.97,106.97,0.0,20.3,21.03,0.73
2024-03-06,Furniture,Tables,East,1765.46,-65.15,0.1,-3.69,-3.87,0.18
2024-06-21,Technology,Accessories,South,559.68,3.08,0.2,0.55,0.2,0.35
2022-08-04,Furniture,Storage,South,179.87,-33.2,0.4,-18.46,-19.53,1.07
2021-10-20,Technology,Phones,Central,122.17,25.45,0.0,20.83,21.69,0.86
2021-09-28,Technology,Phones,South,147.91,-6.63,0.3,-4.48,-4.51,0.03
2024-03-09,Technology,Phones,West,60.05,5.34,0.1,8.89,8.91,0.02
2021-12-28,Technology,Copiers,South,1038.06,237.82,0.0,22.91,24.41,1.5
2024-03-10,Technology,Computers,South,212.94,28.17,0.0,13.23,13.79,0.56
2023-05-27,Office Supplies,Labels,West,13.51,2.79,0.0,20.64,18.22,2.42
2021-06-03,Office Supplies,Labels,West,600.1,35.59,0.2,5.93,5.36,0.57
2022-05-21,Technology,Copiers,West,263.82,35.83,0.0,13.58,13.49,0.09
2021-04-25,Furniture,Storage,West,228.76,16.45,0.0,7.19,7.1,0.09
2021-03-02,Furniture,Bookcases,East,1147.82,123.51,0.0,10.76,11.31,0.55
2023-06-14,Technology,Copiers,Central,49.79,-0.44,0.3,-0.89,0.49,1.38
2024-04-04,Technology,Computers,South,624.31,1.62,0.2,0.26,1.35,1.09
2021-03-01,Office Supplies,Pens,South,251.56,34.46,0.1,13.7,15.2,1.5
2023-06-18,Furniture,Tables,Central,397.11,-3.53,0.1,-0.89,1.27,2.16
2023-03-22,Office Supplies,Envelopes,West,70.31,4.17,0.2,5.93,8.07,2.14
2022-08-12,Furniture,Bookcases,East,131.18,-3.32,0.1,-2.53,-2.54,0.01
2023-11-28,Technology,Phones,East,19.34,4.11,0.0,21.27,21.16,0.11
2023-03-05,Technology,Copiers,South,307.28,6.42,0.2,2.09,3.67,1.58
2024-03-03,Office Supplies,Binders,South,18.95,5.03,0.0,26.53,28.17,1.64
2023-07-12,Office Supplies,Paper,Central,279.2,-23.45,0.4,-8.4,-9.65,1.25
2022-06-29,Office Supplies,Binders,Central,458.83,87.09,0.1,18.98,20.26,1.28
2022-10-13,Furniture,Bookcases,West,588.04,9.59,0.1,1.63,1.26,0.37
2022-01-12,Office Supplies,Binders,South,279.65,64.66,0.0,23.12,23.03,0.09
2021-12-09,Technology,Phones,Central,276.32,15.97,0.1,5.78,5.23,0.55
2022-09-22,Furniture,Bookcases,East,65.81,1.97,0.1,2.99,2.5,0.49
2022-06-05,Office Supplies,Envelopes,West,97.32,25.51,0.0,26.21,24.6,1.61
2023-02-28,Technology,Phones,West,376.63,39.62,0.1,10.52,11.61,1.09
2021-11-25,Furniture,Tables,East,49.36,4.17,0.0,8.45,7.97,0.48
2022-10-26,Technology,Phones,Central,124.01,15.81,0.1,12.75,13.1,0.35
2021-10-02,Office Supplies,Pens,East,135.86,16.03,0.1,11.8,12.31,0.51
2024-11-29,Office Supplies,Labels,South,90.19,-6.84,0.4,-7.58,-8.8,1.22
2021-02-14,Office Supplies,Paper,East,216.25,14.27,0.2,6.6,7.65,1.05
2023-08-09,Technology,Computers,South,348.58,51.35,0.0,14.73,16.36,1.63
2024-12-21,Furniture,Tables,South,62.05,-3.47,0.2,-5.59,-5.99,0.4
2022-04-23,Technology,Phones,West,261.12,3.32,0.2,1.27,2.23,0.96
2022-07-03,Furniture,Bookcases,East,704.93,-96.08,0.3,-13.63,-14.02,0.39
2023-10-13,Furniture,Tables,Central,11.73,0.49,0.0,4.17,2.53,1.64
2023-06-24,Technology,Phones,West,91.36,20.95,0.0,22.93,23.94,1.01
2021-12-26,Furniture,Chairs,Central,244.5,-58.02,0.4,-23.73,-24.91,1.18
2024-04-15,Office Supplies,Pens,South,249.16,16.3,0.2,6.54,8.36,1.82
2022-12-01,Office Supplies,Labels,South,938.07,22.04,0.2,2.35,1.87,0.48
2024-03-18,Office Supplies,Paper,East,209.58,39.88,0.0,19.03,17.93,1.1
2024-06-08,Office Supplies,Paper,South,389.37,73.28,0.0,18.82,18.88,0.06
2024-11-06,Office Supplies,Labels,Central,380.38,65.5,0.0,17.22,17.66,0.44
2023-05-29,Furniture,Bookcases,East,249.7,23.52,0.0,9.42,9.56,0.14
2022-06-11,Furniture,Chairs,East,280.08,-31.31,0.2,-11.18,-10.7,0.48
2024-04-16,Furniture,Storage,South,140.82,8.22,0.0,5.84,6.73,0.89
2021-09-03,Office Supplies,Paper,West,40.12,5.08,0.2,12.67,11.43,1.24
2021-12-03,Office Supplies,Envelopes,East,202.1,24.98,0.1,12.36,11.42,0.94
2023-09-14,Office Supplies,Pens,East,99.07,7.93,0.2,8.0,6.45,1.55
2023-04-25,Furniture,Tables,West,389.33,-27.6,0.2,-7.09,-7.62,0.53
2022-06-20,Office Supplies,Labels,East,102.32,1.14,0.2,1.11,2.69,1.58
2024-07-08,Furniture,Chairs,Central,31.59,0.22,0.1,0.7,-0.86,1.56
2024-12-24,Furniture,Bookcases,East,88.73,-3.99,0.1,-4.5,-5.83,1.33
2024-01-08,Office Supplies,Envelopes,South,270.59,60.42,0.0,22.33,22.71,0.38
2022-07-13,Office Supplies,Paper,East,174.81,-3.6,0.3,-2.06,-1.68,0.38
2024-05-14,Office Supplies,Envelopes,Central,59.61,-10.6,0.5,-17.78,-17.0,0.78
2023-01-10,Technology,Copiers,East,99.14,2.87,0.2,2.89,3.89,1.0
2022-05-21,Furniture,Chairs,East,47.55,2.15,0.0,4.53,2.99,1.54
2023-01-23,Technology,Phones,West,119.38,29.21,0.0,24.47,23.34,1.13
2022-07-10,Office Supplies,Pens,Central,1464.48,-25.63,0.3,-1.75,-1.85,0.1
2022-08-12,Furniture,Tables,East,501.85,-47.78,0.2,-9.52,-9.76,0.24
2023-04-20,Furniture,Bookcases,East,85.93,-18.78,0.4,-21.86,-21.74,0.12
2021-09-13,Technology,Computers,West,778.24,110.28,0.1,14.17,14.73,0.56
2023-01-09,Office Supplies,Pens,West,533.24,31.03,0.2,5.82,4.77,1.05
2023-01-09,Office Supplies,Envelopes,West,249.24,-38.41,0.4,-15.41,-16.06,0.65
2022-06-17,Furniture,Chairs,South,582.05,47.44,0.0,8.15,7.92,0.23
2024-12-07,Office Supplies,Pens,West,465.28,67.23,0.1,14.45,14.11,0.34
2023-10-07,Office Supplies,Binders,Central,33.27,1.23,0.2,3.69,3.13,0.56
2023-06-30,Technology,Copiers,South,1723.86,-182.73,0.3,-10.6,-9.69,0.91
2022-06-21,Furniture,Bookcases,East,52.02,-10.46,0.3,-20.1,-20.32,0.22
2022-12-04,Furniture,Tables,Central,406.84,-32.91,0.2,-8.09,-8.26,0.17
2022-04-18,Furniture,Tables,Central,271.79,-18.02,0.2,-6.63,-7.82,1.19
2021-06-10,Furniture,Tables,West,1127.34,-180.94,0.3,-16.05,-15.47,0.58
2024-03-29,Office Supplies,Labels,South,102.78,24.87,0.0,24.2,22.96,1.24
2023-10-02,Technology,Copiers,West,194.55,-0.02,0.2,-0.01,1.03,1.04
2022-12-25,Technology,Phones,East,809.15,159.89,0.0,19.76,20.27,0.51
2021-03-11,Office Supplies,Binders,Central,670.53,93.27,0.1,13.91,14.17,0.26
2022-11-06,Technology,Accessories,Central,332.79,-44.26,0.3,-13.3,-13.11,0.19
2023-03-14,Office Supplies,Envelopes,Central,865.83,23.98,0.2,2.77,0.99,1.78
2023-07-02,Furniture,Storage,South,102.38,11.25,0.0,10.99,10.23,0.76
2024-11-02,Furniture,Bookcases,East,13.14,0.97,0.0,7.37,7.25,0.12
2023-05-01,Office Supplies,Paper,East,490.91,108.83,0.0,22.17,22.44,0.27
2022-10-04,Office Supplies,Envelopes,East,51.12,9.65,0.0,18.87,16.9,1.97
2021-01-19,Technology,Computers,East,105.98,-14.99,0.4,-14.14,-12.1,2.04
2022-11-04,Technology,Accessories,East,517.76,-18.07,0.3,-3.49,-4.3,0.81
2024-12-08,Furniture,Storage,East,459.43,-34.27,0.2,-7.46,-8.76,1.3
2024-11-10,Furniture,Storage,West,400.53,24.79,0.0,6.19,6.46,0.27
2023-01-13,Office Supplies,Pens,Central,561.1,72.38,0.2,12.9,13.98,1.08
2021-08-22,Office Supplies,Pens,Central,360.28,6.74,0.3,1.87,2.54,0.67
2021-10-11,Furniture,Tables,South,511.0,-46.35,0.2,-9.07,-8.46,0.61
2023-10-02,Furniture,Tables,Central,121.72,-8.16,0.2,-6.7,-5.51,1.19
2021-01-17,Technology,Phones,South,232.8,-11.78,0.3,-5.06,-4.74,0.32
2024-07-03,Technology,Computers,West,147.63,24.57,0.0,16.64,15.82,0.82
2021-07-21,Technology,Computers,South,156.02,-0.05,0.2,-0.03,0.64,0.67
2024-03-05,Furniture,Chairs,East,366.84,12.55,0.0,3.42,4.68,1.26
2023-03-31,Technology,Accessories,Central,206.74,4.92,0.2,2.38,1.69,0.69
2023-10-13,Furniture,Storage,East,284.41,-31.23,0.2,-10.98,-10.59,0.39
2021-06-28,Furniture,Tables,East,80.66,-18.48,0.3,-22.91,-22.54,0.37
2024-12-28,Technology,Accessories,West,37.83,8.53,0.0,22.54,23.17,0.63
2022-08-22,Furniture,Chairs,West,174.06,-15.75,0.2,-9.05,-8.79,0.26
2024-12-01,Furniture,Storage,Central,414.11,-95.62,0.4,-23.09,-24.47,1.38
2022-03-13,Office Supplies,Labels,Central,17.35,-0.27,0.3,-1.58,-3.35,1.77
2022-12-04,Technology,Accessories,East,584.64,93.13,0.0,15.93,13.71,2.22
2022-12-26,Technology,Computers,South,207.9,38.71,0.0,18.62,18.24,0.38
2022-08-06,Technology,Copiers,West,12.12,2.01,0.0,16.61,16.26,0.35
2021-12-27,Technology,Copiers,West,31.44,4.74,0.0,15.07,14.18,0.89
2021-04-06,Furniture,Storage,East,105.22,-3.7,0.2,-3.52,-3.79,0.27
2022-04-06,Technology,Copiers,South,24.28,-0.93,0.2,-3.84,-3.06,0.78
2021-03-18,Office Supplies,Paper,South,337.01,-26.59,0.4,-7.89,-7.79,0.1
2023-04-06,Furniture,Chairs,West,1203.72,56.21,0.0,4.67,5.24,0.57
2021-05-10,Office Supplies,Pens,West,891.44,-105.37,0.4,-11.82,-10.19,1.63
2021-04-09,Furniture,Bookcases,West,232.32,21.58,0.0,9.29,9.98,0.69
2021-07-25,Furniture,Chairs,West,294.72,21.49,0.0,7.29,8.44,1.15
2023-03-08,Furniture,Storage,West,341.71,18.14,0.1,5.31,4.28,1.03
2022-01-13,Office Supplies,Envelopes,Central,194.43,39.1,0.0,20.11,20.71,0.6
2024-07-08,Furniture,Bookcases,South,434.1,4.21,0.1,0.97,0.72,0.25
2024-08-20,Furniture,Bookcases,West,190.03,-61.15,0.5,-32.18,-32.92,0.74
2021-05-17,Technology,Computers,South,490.36,55.85,0.0,11.39,10.35,1.04
2023-04-24,Technology,Accessories,Central,78.36,10.0,0.1,12.76,12.09,0.67
2022-10-16,Technology,Copiers,Central,318.73,57.85,0.0,18.15,19.11,0.96
2024-12-06,Furniture,Storage,East,124.27,-20.88,0.3,-16.8,-16.32,0.48
2022-04-03,Technology,Copiers,West,20.19,4.11,0.0,20.35,20.92,0.57
2024-11-13,Furniture,Tables,East,36.15,-5.76,0.3,-15.93,-14.52,1.41
2021-05-16,Office Supplies,Labels,Central,49.18,3.53,0.2,7.17,6.4,0.77
2021-06-11,Technology,Copiers,East,80.62,15.68,0.0,19.45,19.21,0.24
2024-04-24,Technology,Accessories,East,527.18,51.29,0.1,9.73,7.49,2.24
2021-07-27,Furniture,Tables,South,383.45,-64.11,0.3,-16.72,-17.09,0.37
2023-12-14,Technology,Accessories,Central,73.68,5.77,0.2,7.83,6.21,1.62
2021-01-06,Office Supplies,Pens,Central,19.48,0.98,0.2,5.05,4.37,0.68
2023-10-11,Office Supplies,Binders,South,87.31,0.53,0.3,0.61,-0.74,1.35
2024-01-14,Technology,Accessories,East,144.06,23.76,0.0,16.49,17.93,1.44
2023-09-07,Technology,Accessories,West,475.98,15.37,0.2,3.23,2.99,0.24
2021-07-08,Office Supplies,Pens,Central,158.17,32.08,0.0,20.28,18.96,1.32
2024-11-21,Office Supplies,Pens,South,15.45,2.34,0.1,15.16,14.46,0.7
2022-02-16,Office Supplies,Paper,Central,500.28,123.42,0.0,24.67,24.14,0.53
2021-03-09,Office Supplies,Envelopes,East,83.94,18.16,0.0,21.64,21.42,0.22
2023-12-22,Technology,Copiers,South,117.55,8.04,0.1,6.84,5.77,1.07
2021-09-28,Office Supplies,Envelopes,South,583.7,50.84,0.2,8.71,8.92,0.21
2021-04-03,Office Supplies,Labels,East,484.81,107.68,0.0,22.21,23.37,1.16
2024-04-25,Technology,Accessories,South,46.63,8.77,0.0,18.8,19.44,0.64
2021-07-20,Technology,Copiers,West,365.69,64.98,0.0,17.77,18.65,0.88
2023-10-23,Office Supplies,Paper,South,185.76,17.96,0.2,9.67,11.42,1.75
2024-12-07,Office Supplies,Envelopes,South,90.04,4.84,0.2,5.38,3.63,1.75
2021-10-14,Office Supplies,Binders,East,144.76,19.31,0.1,13.34,11.27,2.07
2024-03-17,Office Supplies,Labels,South,79.58,10.4,0.1,13.07,12.32,0.75
2022-02-20,Technology,Copiers,East,161.65,33.12,0.0,20.49,19.91,0.58
2023-10-23,Technology,Copiers,West,137.04,13.62,0.1,9.94,11.02,1.08
2024-07-12,Office Supplies,Pens,West,805.33,212.93,0.0,26.44,25.73,0.71
2022-01-12,Technology,Phones,West,290.88,48.14,0.0,16.55,16.7,0.15
2023-08-26,Office Supplies,Binders,Central,625.78,157.88,0.0,25.23,25.82,0.59
2023-09-04,Technology,Accessories,Central,172.87,6.12,0.2,3.54,3.37,0.17
2021-06-18,Technology,Computers,East,666.88,43.88,0.1,6.58,6.59,0.01
2021-01-18,Office Supplies,Envelopes,Central,396.18,73.57,0.0,18.57,18.68,0.11
2024-03-25,Furniture,Storage,Central,188.73,19.61,0.0,10.39,10.19,0.2
2022-08-13,Office Supplies,Binders,Central,519.03,130.48,0.0,25.14,24.8,0.34
2024-04-15,Technology,Accessories,West,119.72,7.4,0.2,6.18,5.93,0.25
2023-02-07,Office Supplies,Binders,Central,41.23,-0.92,0.3,-2.23,-2.58,0.35
2021-08-14,Furniture,Storage,South,178.91,12.67,0.0,7.08,7.86,0.78
2023-05-21,Technology,Computers,South,152.88,33.36,0.0,21.82,21.32,0.5
2021-07-25,Technology,Computers,South,289.25,68.47,0.0,23.67,23.21,0.46
2022-04-03,Technology,Computers,South,1147.63,53.94,0.1,4.7,3.25,1.45
2023-05-31,Technology,Accessories,West,112.43,-13.39,0.4,-11.91,-12.24,0.33
2022-05-12,Technology,Phones,West,112.07,-20.87,0.4,-18.62,-20.11,1.49
2022-10-06,Technology,Phones,West,252.04,30.02,0.1,11.91,12.41,0.5
2021-12-10,Furniture,Tables,South,380.34,53.63,0.0,14.1,14.19,0.09
2024-02-17,Office Supplies,Envelopes,Central,64.18,7.98,0.1,12.43,12.99,0.56
2022-07-31,Office Supplies,Envelopes,East,302.98,31.24,0.1,10.31,10.81,0.5
2024-06-24,Technology,Phones,West,244.94,46.05,0.0,18.8,20.57,1.77
2021-02-20,Technology,Computers,Central,249.1,42.15,0.0,16.92,18.89,1.97
2023-05-10,Furniture,Chairs,Central,196.35,-56.2,0.5,-28.62,-28.67,0.05
2024-09-03,Furniture,Storage,East,231.72,14.48,0.1,6.25,5.09,1.16
2024-01-22,Office Supplies,Paper,West,612.03,-88.25,0.5,-14.42,-14.76,0.34
2024-05-21,Office Supplies,Labels,Central,77.12,16.52,0.0,21.42,22.55,1.13
2024-01-19,Office Supplies,Pens,Central,19.38,-3.07,0.5,-15.83,-16.69,0.86
2022-06-08,Furniture,Chairs,East,394.8,-36.44,0.2,-9.23,-9.98,0.75
2023-07-14,Furniture,Chairs,South,406.21,-1.5,0.1,-0.37,-0.73,0.36
2024-05-20,Office Supplies,Labels,West,430.03,41.15,0.2,9.57,10.28,0.71
2021-02-05,Furniture,Bookcases,South,162.8,-8.32,0.2,-5.11,-6.24,1.13
2022-03-14,Office Supplies,Pens,South,45.3,-0.87,0.3,-1.91,-1.3,0.61
2021-12-06,Technology,Accessories,East,484.72,-13.67,0.2,-2.82,-3.58,0.76
2023-03-13,Office Supplies,Pens,South,113.81,28.96,0.0,25.45,25.73,0.28
2024-07-21,Furniture,Chairs,West,287.52,15.64,0.0,5.44,5.78,0.34
2022-11-08,Office Supplies,Paper,East,526.84,80.5,0.1,15.28,17.5,2.22
2024-02-07,Furniture,Storage,West,498.83,-17.31,0.1,-3.47,-3.4,0.07
2022-02-01,Furniture,Storage,Central,61.82,-8.86,0.3,-14.33,-13.52,0.81
2024-05-10,Technology,Accessories,West,10.04,0.91,0.1,9.02,9.18,0.16
2024-06-19,Technology,Computers,West,856.27,158.84,0.0,18.55,17.5,1.05
2021-05-11,Furniture,Bookcases,Central,180.65,-41.24,0.4,-22.83,-22.93,0.1
2021-07-23,Furniture,Bookcases,East,259.47,-58.69,0.4,-22.62,-21.72,0.9
2021-06-03,Technology,Phones,Central,339.33,-58.26,0.4,-17.17,-16.11,1.06
2024-06-18,Office Supplies,Pens,South,2270.67,334.24,0.0,14.72,14.69,0.03
2024-05-26,Office Supplies,Paper,South,148.0,38.05,0.0,25.71,25.39,0.32
2023-06-07,Technology,Phones,East,201.76,-8.05,0.3,-3.99,-5.06,1.07
2022-11-15,Furniture,Chairs,South,811.26,68.23,0.0,8.41,8.07,0.34
2024-05-04,Technology,Copiers,West,111.65,14.26,0.0,12.77,12.89,0.12
2021-02-15,Furniture,Chairs,West,735.97,-113.85,0.3,-15.47,-15.39,0.08
2023-01-28,Office Supplies,Binders,South,281.26,66.41,0.0,23.61,23.57,0.04
2024-06-05,Furniture,Chairs,South,192.05,12.81,0.0,6.67,6.33,0.34
2021-01-26,Furniture,Chairs,East,451.11,-76.96,0.3,-17.06,-17.63,0.57
2023-04-10,Technology,Phones,West,413.0,86.19,0.0,20.87,22.79,1.92
2022-10-31,Technology,Copiers,West,1107.15,-44.18,0.3,-3.99,-3.31,0.68
2022-11-23,Furniture,Bookcases,South,699.15,-52.79,0.2,-7.55,-6.91,0.64
2023-08-09,Office Supplies,Envelopes,East,271.83,-47.41,0.5,-17.44,-19.03,1.59
2023-06-28,Office Supplies,Envelopes,East,146.56,30.59,0.0,20.87,20.55,0.32
2021-08-28,Furniture,Bookcases,West,106.99,-31.34,0.5,-29.29,-29.23,0.06
2024-07-23,Office Supplies,Pens,West,137.02,-14.78,0.4,-10.79,-12.63,1.84
2021-03-07,Technology,Computers,East,361.45,-67.63,0.4,-18.71,-18.73,0.02
2021-04-22,Technology,Computers,East,236.29,56.88,0.0,24.07,24.08,0.01
2023-03-30,Furniture,Tables,East,439.2,-2.24,0.1,-0.51,-1.82,1.31
2021-12-20,Furniture,Chairs,South,80.41,7.51,0.0,9.34,9.71,0.37
2023-02-02,Furniture,Chairs,South,313.62,5.14,0.1,1.64,1.53,0.11
2023-10-17,Office Supplies,Labels,West,765.43,149.49,0.0,19.53,20.85,1.32
2023-11-15,Office Supplies,Labels,South,1145.72,65.88,0.2,5.75,4.51,1.24
2022-12-30,Office Supplies,Binders,Central,339.52,89.8,0.0,26.45,26.81,0.36
2021-03-09,Technology,Phones,East,470.33,103.94,0.0,22.1,22.33,0.23
2021-02-12,Furniture,Storage,South,575.25,-48.67,0.2,-8.46,-9.33,0.87
2023-01-19,Office Supplies,Envelopes,West,10.13,-1.02,0.4,-10.02,-9.4,0.62
2024-02-24,Office Supplies,Binders,Central,159.5,0.64,0.2,0.4,1.41,1.01
2024-09-02,Technology,Copiers,West,143.22,-0.19,0.2,-0.13,-0.73,0.6
2024-10-19,Office Supplies,Paper,Central,84.87,17.64,0.0,20.78,21.47,0.69
2021-07-29,Technology,Copiers,Central,258.57,33.05,0.1,12.78,12.31,0.47
2022-01-08,Office Supplies,Paper,South,163.72,2.85,0.2,1.74,1.95,0.21
2022-08-21,Office Supplies,Envelopes,East,32.15,7.08,0.0,22.03,22.74,0.71
2024-07-02,Office Supplies,Labels,South,364.88,11.46,0.2,3.14,3.56,0.42
2023-02-16,Office Supplies,Labels,South,112.76,-8.05,0.4,-7.14,-9.35,2.21
2021-12-03,Technology,Phones,South,231.76,34.16,0.0,14.74,13.65,1.09
2024-01-14,Office Supplies,Envelopes,South,121.36,3.34,0.2,2.75,4.56,1.81
2022-06-26,Furniture,Tables,East,128.04,-12.02,0.2,-9.39,-8.93,0.46
2022-07-10,Office Supplies,Envelopes,Central,84.73,2.1,0.2,2.48,2.62,0.14
2023-07-07,Office Supplies,Paper,East,16.27,2.73,0.0,16.75,16.88,0.13
2021-05-30,Furniture,Chairs,West,286.05,31.21,0.0,10.91,11.71,0.8
2021-09-21,Technology,Accessories,West,66.65,-17.08,0.5,-25.62,-25.8,0.18
2022-02-05,Office Supplies,Pens,East,771.47,61.72,0.2,8.0,8.42,0.42
2021-06-23,Office Supplies,Binders,West,56.0,10.74,0.0,19.17,19.62,0.45
2021-08-27,Technology,Copiers,South,257.71,-54.56,0.4,-21.17,-21.24,0.07
2024-05-16,Furniture,Chairs,Central,467.21,44.2,0.0,9.46,10.71,1.25
2021-03-17,Office Supplies,Envelopes,South,376.1,-1.88,0.3,-0.5,-0.45,0.05
2023-09-16,Technology,Phones,Central,207.49,38.51,0.0,18.56,18.79,0.23
2024-09-27,Office Supplies,Paper,South,518.52,69.38,0.1,13.38,12.91,0.47
2023-03-13,Furniture,Storage,Central,719.62,49.58,0.0,6.89,7.03,0.14
2024-07-05,Furniture,Chairs,Central,73.75,-0.25,0.1,-0.34,0.36,0.7
2022-05-01,Technology,Computers,South,469.41,110.03,0.0,23.44,22.78,0.66
2021-06-19,Furniture,Tables,Central,154.11,-46.08,0.5,-29.9,-29.04,0.86
2022-09-23,Office Supplies,Pens,South,427.02,81.6,0.0,19.11,18.15,0.96
2024-11-30,Technology,Copiers,East,189.41,-41.03,0.5,-21.66,-22.6,0.94
2022-01-21,Technology,Phones,East,375.78,25.1,0.1,6.68,5.02,1.66
2021-07-30,Furniture,Tables,West,414.31,-9.86,0.2,-2.38,-1.89,0.49
2022-10-31,Office Supplies,Pens,West,789.18,215.45,0.0,27.3,26.67,0.63
2022-10-21,Office Supplies,Paper,East,317.86,28.67,0.2,9.02,7.01,2.01
2023-05-08,Furniture,Chairs,Central,104.86,-0.67,0.1,-0.64,-0.36,0.28
2023-03-03,Furniture,Tables,West,25.54,-1.57,0.2,-6.14,-6.3,0.16
2024-11-27,Office Supplies,Binders,East,162.77,-0.5,0.3,-0.31,-1.33,1.02
2024-04-08,Technology,Computers,East,417.4,79.51,0.0,19.05,19.35,0.3
2021-12-20,Office Supplies,Binders,Central,12.73,2.38,0.1,18.7,19.99,1.29
2022-01-31,Technology,Copiers,Central,76.67,-6.4,0.3,-8.35,-9.04,0.69
2021-04-29,Furniture,Storage,Central,194.27,-6.14,0.2,-3.16,-2.16,1.0
2021-10-20,Office Supplies,Paper,East,500.57,-8.86,0.3,-1.77,-1.03,0.74
2022-09-17,Furniture,Tables,West,97.65,-28.39,0.5,-29.07,-29.82,0.75
2023-09-01,Technology,Computers,Central,241.87,49.41,0.0,20.43,20.16,0.27
2022-10-09,Office Supplies,Labels,East,308.48,62.25,0.0,20.18,21.9,1.72
2021-02-01,Office Supplies,Labels,Central,29.84,-1.03,0.3,-3.44,-5.21,1.77
2023-08-15,Furniture,Storage,Central,27.34,-0.4,0.1,-1.48,-0.04,1.44
2024-04-21,Technology,Computers,East,45.59,5.73,0.1,12.57,13.53,0.96
2023-02-21,Office Supplies,Pens,South,112.4,25.07,0.0,22.3,20.64,1.66
2024-03-27,Technology,Phones,Central,33.92,-2.54,0.3,-7.48,-6.91,0.57
2023-03-19,Technology,Copiers,East,141.28,13.15,0.1,9.31,8.46,0.85
2022-08-29,Office Supplies,Binders,East,484.67,-17.11,0.3,-3.53,-5.6,2.07
2022-12-16,Office Supplies,Binders,West,194.41,22.75,0.1,11.7,13.18,1.48
2021-08-24,Technology,Phones,Central,10.6,0.25,0.2,2.34,4.08,1.74
2021-06-22,Technology,Computers,West,170.43,9.14,0.2,5.36,7.19,1.83
2021-11-17,Furniture,Storage,Central,94.45,3.66,0.0,3.87,3.31,0.56
2023-10-23,Office Supplies,Labels,West,171.24,33.58,0.1,19.61,20.0,0.39
2024-10-11,Technology,Phones,East,129.05,11.51,0.1,8.92,8.98,0.06
2021-06-16,Technology,Phones,South,821.49,82.4,0.1,10.03,10.43,0.4
2024-03-03,Furniture,Chairs,Central,78.57,-0.71,0.1,-0.9,-0.95,0.05
2024-07-11,Technology,Accessories,West,167.33,-6.39,0.3,-3.82,-4.76,0.94
2022-12-10,Furniture,Storage,West,240.14,-35.83,0.3,-14.92,-14.58,0.34
2022-07-21,Office Supplies,Binders,Central,190.06,37.25,0.0,19.6,19.54,0.06
2023-03-02,Furniture,Bookcases,South,78.25,5.61,0.0,7.17,8.11,0.94
2022-09-25,Office Supplies,Envelopes,South,323.51,82.82,0.0,25.6,25.11,0.49
2021-04-11,Technology,Accessories,East,126.21,17.97,0.0,14.24,12.77,1.47
2022-07-08,Furniture,Storage,Central,148.36,14.45,0.0,9.74,9.54,0.2
2023-03-12,Furniture,Tables,South,208.49,20.43,0.0,9.8,10.47,0.67
2023-09-17,Technology,Copiers,South,176.57,6.18,0.1,3.5,3.8,0.3
2022-05-22,Technology,Accessories,West,79.67,5.36,0.2,6.73,5.63,1.1
2024-07-22,Furniture,Chairs,East,726.54,-21.07,0.2,-2.9,-1.83,1.07
2022-07-18,Technology,Phones,East,435.98,99.93,0.0,22.92,22.26,0.66
2023-12-25,Office Supplies,Binders,South,284.72,-2.28,0.3,-0.8,-0.14,0.66
2022-09-22,Technology,Computers,East,53.04,6.21,0.1,11.7,11.64,0.06
2022-01-29,Furniture,Tables,West,101.98,-28.83,0.4,-28.27,-27.16,1.11
2024-04-04,Technology,Computers,East,84.04,10.54,0.1,12.54,11.31,1.23
2022-01-14,Office Supplies,Envelopes,East,370.14,76.32,0.0,20.62,20.55,0.07
2024-02-19,Furniture,Chairs,West,668.02,-87.24,0.3,-13.06,-12.7,0.36
2021-12-30,Technology,Copiers,East,667.09,126.81,0.0,19.01,19.33,0.32
2021-01-09,Furniture,Chairs,South,1035.78,-146.98,0.3,-14.19,-13.15,1.04
2023-04-07,Office Supplies,Pens,Central,22.36,3.94,0.1,17.64,17.04,0.6
2021-07-13,Office Supplies,Envelopes,South,122.28,23.11,0.0,18.9,20.01,1.11
2021-04-12,Office Supplies,Paper,Central,846.19,76.5,0.1,9.04,7.56,1.48
2023-05-22,Technology,Accessories,Central,185.18,-3.81,0.2,-2.06,-2.61,0.55
2022-12-23,Office Supplies,Paper,Central,299.11,-4.64,0.2,-1.55,-2.91,1.36
2023-09-13,Furniture,Chairs,East,386.69,-0.77,0.1,-0.2,-0.85,0.65
2023-10-15,Office Supplies,Paper,South,862.6,240.58,0.0,27.89,27.89,0.0
2021-10-26,Technology,Computers,East,252.69,2.35,0.2,0.93,2.21,1.28
2023-10-19,Furniture,Tables,East,340.57,-49.14,0.3,-14.43,-13.1,1.33
2023-07-28,Furniture,Storage,East,733.09,-32.62,0.2,-4.45,-4.15,0.3
2023-06-05,Furniture,Tables,Central,279.56,15.6,0.0,5.58,5.43,0.15
2024-03-14,Office Supplies,Pens,Central,218.89,-46.05,0.5,-21.04,-19.55,1.49
2023-06-23,Office Supplies,Binders,Central,77.15,18.98,0.0,24.6,26.21,1.61
2023-09-05,Office Supplies,Labels,East,51.07,8.15,0.0,15.95,14.7,1.25
2022-01-28,Furniture,Tables,West,36.68,2.74,0.0,7.47,5.92,1.55
2023-07-10,Furniture,Storage,South,183.12,-2.25,0.1,-1.23,-1.71,0.48
2021-04-02,Technology,Computers,South,51.67,11.42,0.0,22.11,20.97,1.14
2024-04-25,Technology,Computers,East,695.54,3.69,0.2,0.53,0.25,0.28
2021-07-30,Office Supplies,Envelopes,East,498.59,112.43,0.0,22.55,25.24,2.69
2022-08-01,Office Supplies,Envelopes,South,67.44,-0.71,0.3,-1.06,-1.1,0.04
2023-09-02,Office Supplies,Paper,West,172.7,26.99,0.1,15.63,17.27,1.64
2021-10-12,Technology,Accessories,East,123.01,11.27,0.1,9.16,10.01,0.85
2021-06-20,Furniture,Chairs,South,330.18,10.8,0.1,3.27,4.56,1.29
2024-07-23,Furniture,Storage,Central,369.73,10.28,0.1,2.78,2.81,0.03
2021-12-02,Technology,Phones,East,261.61,43.58,0.1,16.66,16.5,0.16
2022-02-11,Office Supplies,Binders,West,335.12,60.76,0.0,18.13,18.42,0.29
2022-07-01,Office Supplies,Labels,East,534.11,99.83,0.0,18.69,18.91,0.22
2022-05-08,Office Supplies,Paper,Central,683.25,160.97,0.0,23.56,25.19,1.63
2024-01-03,Technology,Accessories,West,97.36,17.13,0.1,17.59,18.21,0.62
2022-11-01,Technology,Accessories,East,481.92,0.43,0.2,0.09,0.55,0.46
2024-02-22,Office Supplies,Labels,West,114.42,27.58,0.0,24.1,24.28,0.18
2022-09-20,Technology,Accessories,West,198.38,3.71,0.2,1.87,0.66,1.21
2023-09-12,Technology,Computers,Central,830.81,144.15,0.0,17.35,19.2,1.85
2023-01-15,Furniture,Chairs,South,134.84,3.1,0.1,2.3,2.52,0.22
2022-05-06,Office Supplies,Labels,Central,305.31,60.05,0.0,19.67,20.36,0.69
2023-06-11,Technology,Phones,East,749.41,139.91,0.0,18.67,19.16,0.49
2023-09-16,Furniture,Tables,Central,426.81,24.8,0.0,5.81,6.57,0.76
2022-09-22,Technology,Copiers,Central,796.65,170.24,0.0,21.37,20.55,0.82
2021-03-02,Technology,Phones,Central,172.69,24.69,0.0,14.3,13.3,1.0
2024-10-14,Office Supplies,Envelopes,Central,293.61,25.28,0.2,8.61,8.15,0.46
2023-09-18,Office Supplies,Envelopes,South,139.43,-16.29,0.4,-11.68,-13.7,2.02
2021-04-26,Technology,Phones,South,302.41,-76.39,0.5,-25.26,-26.54,1.28
2024-10-02,Office Supplies,Envelopes,West,37.96,-6.46,0.5,-17.01,-16.98,0.03
2021-08-08,Furniture,Storage,East,29.14,2.61,0.0,8.97,7.82,1.15
2022-02-03,Furniture,Chairs,West,743.36,65.34,0.0,8.79,9.52,0.73
2022-08-24,Office Supplies,Pens,South,520.15,41.14,0.2,7.91,6.79,1.12
2021-06-06,Furniture,Bookcases,Central,142.38,-15.85,0.2,-11.13,-12.19,1.06
2021-06-25,Furniture,Chairs,East,71.23,8.31,0.0,11.67,11.41,0.26
2023-05-03,Furniture,Chairs,West,47.3,-2.68,0.2,-5.67,-4.3,1.37
2024-09-22,Furniture,Chairs,East,708.1,74.78,0.0,10.56,11.81,1.25
2023-04-23,Office Supplies,Pens,South,163.01,35.26,0.0,21.63,21.72,0.09
2024-02-18,Office Supplies,Labels,South,39.01,5.84,0.1,14.97,14.75,0.22
2023-03-31,Office Supplies,Pens,South,85.72,0.03,0.3,0.03,0.82,0.79
2022-05-23,Technology,Computers,South,1242.54,221.17,0.0,17.8,18.25,0.45
2022-01-05,Office Supplies,Envelopes,West,363.31,56.93,0.1,15.67,14.33,1.34
2021-03-17,Office Supplies,Paper,East,694.08,31.44,0.2,4.53,4.95,0.42
2021-11-20,Furniture,Tables,West,36.55,1.35,0.1,3.7,3.64,0.06
2024-09-23,Office Supplies,Labels,Central,530.54,86.96,0.0,16.39,16.0,0.39
2022-04-01,Furniture,Chairs,East,33.9,0.65,0.1,1.92,2.07,0.15
2021-04-10,Furniture,Tables,Central,330.49,-88.67,0.5,-26.83,-26.33,0.5
2023-03-15,Office Supplies,Pens,Central,846.53,45.29,0.2,5.35,4.72,0.63
2021-06-04,Furniture,Storage,South,515.69,-62.5,0.2,-12.12,-12.83,0.71
2023-03-24,Technology,Computers,East,241.52,38.35,0.0,15.88,14.94,0.94
2022-04-09,Furniture,Storage,West,84.57,-1.37,0.1,-1.62,-1.34,0.28
2023-07-09,Office Supplies,Pens,Central,961.87,218.15,0.0,22.68,23.37,0.69
2024-04-18,Office Supplies,Paper,East,237.33,25.82,0.2,10.88,10.38,0.5
2024-01-27,Technology,Accessories,West,12.43,-1.89,0.4,-15.19,-15.46,0.27
2023-04-17,Furniture,Storage,East,567.78,-33.22,0.1,-5.85,-5.71,0.14
2023-11-30,Office Supplies,Pens,East,11.92,-2.18,0.5,-18.28,-17.86,0.42
2023-06-24,Technology,Copiers,East,525.15,47.63,0.1,9.07,8.1,0.97
2021-06-25,Technology,Accessories,East,17.83,1.04,0.2,5.85,6.94,1.09
2024-08-31,Technology,Phones,Central,30.38,-1.92,0.3,-6.31,-9.01,2.7
2021-05-03,Technology,Copiers,East,66.24,7.4,0.1,11.17,11.42,0.25
2021-04-23,Furniture,Tables,Central,500.37,33.12,0.0,6.62,5.67,0.95
2024-06-21,Office Supplies,Pens,West,550.45,-105.25,0.5,-19.12,-19.63,0.51
2021-02-11,Technology,Computers,East,25.58,3.14,0.0,12.27,13.59,1.32
2022-06-16,Furniture,Storage,East,466.45,48.84,0.0,10.47,9.42,1.05
2022-07-02,Office Supplies,Paper,East,106.57,7.91,0.2,7.42,7.15,0.27
2022-04-09,Furniture,Bookcases,South,39.35,-0.55,0.1,-1.41,-1.98,0.57
2022-02-24,Technology,Copiers,West,38.27,7.05,0.0,18.43,17.93,0.5
2022-07-31,Office Supplies,Paper,Central,25.8,2.12,0.1,8.2,7.52,0.68
2023-03-11,Furniture,Storage,Central,83.1,7.96,0.0,9.58,9.32,0.26
2021-02-20,Technology,Computers,Central,144.39,12.75,0.1,8.83,8.99,0.16
2021-06-28,Technology,Accessories,Central,497.14,70.64,0.0,14.21,13.12,1.09
2024-04-18,Office Supplies,Pens,East,92.54,6.99,0.2,7.55,8.52,0.97
2021-06-21,Furniture,Chairs,South,330.47,2.45,0.1,0.74,-2.21,2.95
2022-11-14,Furniture,Tables,Central,333.13,-4.1,0.1,-1.23,-0.52,0.71
2023-07-31,Furniture,Bookcases,South,187.42,-14.94,0.2,-7.97,-5.87,2.1
2021-01-24,Office Supplies,Labels,Central,360.47,8.69,0.3,2.41,2.71,0.3
2024-02-15,Furniture,Storage,Central,201.0,3.34,0.1,1.66,0.55,1.11
2022-04-19,Office Supplies,Paper,East,612.0,151.16,0.0,24.7,25.15,0.45
2021-01-27,Furniture,Bookcases,West,874.34,-96.35,0.2,-11.02,-11.36,0.34
2021-03-29,Furniture,Storage,East,89.71,-9.35,0.2,-10.42,-9.71,0.71
2022-11-30,Technology,Computers,West,578.03,89.36,0.0,15.46,16.71,1.25
2024-05-14,Furniture,Storage,South,50.54,5.86,0.0,11.59,12.07,0.48
2023-08-28,Office Supplies,Envelopes,East,176.75,21.85,0.1,12.36,11.49,0.87
2024-05-11,Furniture,Tables,West,501.94,10.79,0.1,2.15,0.04,2.11
2024-12-22,Furniture,Tables,South,606.35,64.52,0.0,10.64,11.34,0.7
2024-01-10,Technology,Copiers,West,555.18,-14.55,0.2,-2.62,-2.11,0.51
2023-09-27,Office Supplies,Labels,South,128.28,26.05,0.0,20.31,20.24,0.07
2022-08-10,Technology,Phones,Central,253.97,39.92,0.0,15.72,16.01,0.29
2021-05-15,Office Supplies,Pens,West,14.12,2.62,0.0,18.54,18.72,0.18
2022-07-09,Technology,Accessories,South,260.24,26.8,0.1,10.3,9.46,0.84
2021-04-29,Technology,Phones,South,86.75,12.67,0.0,14.6,14.54,0.06
2022-04-13,Office Supplies,Pens,West,37.52,8.15,0.0,21.73,22.71,0.98
2021-07-14,Technology,Accessories,West,164.6,-2.4,0.2,-1.46,-0.32,1.14
2024-03-19,Office Supplies,Envelopes,Central,339.54,58.64,0.0,17.27,17.74,0.47
2022-03-25,Office Supplies,Pens,East,39.12,3.67,0.2,9.37,10.1,0.73
2023-05-05,Office Supplies,Labels,West,579.05,126.46,0.0,21.84,20.86,0.98
2021-12-08,Technology,Copiers,South,27.62,5.95,0.0,21.54,23.82,2.28
2023-05-24,Furniture,Tables,Central,818.89,-16.54,0.1,-2.02,-3.55,1.53
2022-06-17,Technology,Computers,South,694.64,-8.54,0.3,-1.23,-0.66,0.57
2024-08-23,Office Supplies,Labels,South,73.19,-0.06,0.2,-0.08,0.73,0.81
2024-11-12,Furniture,Chairs,South,783.53,-262.8,0.5,-33.54,-32.67,0.87
2024-11-16,Office Supplies,Binders,Central,191.64,28.08,0.1,14.65,13.67,0.98
2021-06-16,Furniture,Chairs,East,198.62,10.07,0.0,5.07,5.07,0.0
2022-08-03,Technology,Phones,Central,190.49,-46.54,0.5,-24.43,-22.21,2.22
2022-01-19,Office Supplies,Binders,East,403.35,82.44,0.0,20.44,19.95,0.49
2021-02-25,Technology,Computers,East,617.87,120.18,0.0,19.45,18.52,0.93
2022-05-20,Office Supplies,Paper,South,251.13,36.77,0.1,14.64,15.67,1.03
2021-09-09,Office Supplies,Envelopes,East,236.49,6.46,0.2,2.73,3.02,0.29
2024-10-03,Technology,Copiers,Central,59.27,4.58,0.1,7.73,7.9,0.17
2024-08-30,Furniture,Storage,Central,219.44,24.31,0.0,11.08,10.43,0.65
2023-05-31,Furniture,Tables,West,75.15,-8.23,0.2,-10.95,-12.57,1.62
2023-06-22,Furniture,Bookcases,West,174.8,-53.84,0.5,-30.8,-31.29,0.49
2022-10-05,Office Supplies,Binders,East,37.02,-1.49,0.3,-4.02,-4.42,0.4
2021-11-12,Office Supplies,Labels,South,26.83,3.57,0.1,13.3,14.11,0.81
2023-01-06,Technology,Copiers,Central,75.78,6.12,0.1,8.08,7.26,0.82
2021-12-28,Furniture,Tables,South,831.76,-7.57,0.1,-0.91,-0.94,0.03
2021-03-28,Office Supplies,Envelopes,South,84.73,1.81,0.2,2.14,2.43,0.29
2023-07-02,Office Supplies,Labels,East,109.96,-9.38,0.3,-8.53,-7.79,0.74
2024-06-02,Office Supplies,Pens,Central,416.78,70.89,0.0,17.01,18.43,1.42
2021-04-01,Technology,Accessories,Central,154.76,-9.19,0.3,-5.94,-7.11,1.17
2021-06-15,Technology,Copiers,Central,230.47,-55.17,0.5,-23.94,-24.74,0.8
2023-05-11,Office Supplies,Paper,West,709.18,57.59,0.1,8.12,7.56,0.56
2021-12-25,Technology,Phones,East,65.86,11.96,0.0,18.16,17.1,1.06
2023-09-09,Technology,Accessories,Central,362.06,4.38,0.2,1.21,0.71,0.5
2021-02-05,Office Supplies,Binders,South,318.02,19.34,0.1,6.08,5.76,0.32
2024-11-07,Technology,Copiers,East,1350.67,245.28,0.0,18.16,18.65,0.49
2023-05-09,Office Supplies,Labels,West,65.72,11.97,0.0,18.22,18.73,0.51
2024-02-17,Technology,Computers,Central,776.99,118.96,0.0,15.31,14.0,1.31
2022-08-22,Office Supplies,Labels,East,632.17,-22.19,0.3,-3.51,-4.88,1.37
2023-02-01,Office Supplies,Pens,East,508.96,100.21,0.0,19.69,21.09,1.4
2023-09-14,Technology,Computers,West,955.34,-73.08,0.3,-7.65,-5.57,2.08
2021-07-14,Furniture,Bookcases,South,1708.76,87.15,0.0,5.1,6.73,1.63
2023-09-05,Office Supplies,Labels,East,722.68,-142.73,0.5,-19.75,-20.92,1.17
2023-08-16,Office Supplies,Pens,Central,276.76,-38.03,0.4,-13.74,-14.47,0.73
2022-11-22,Office Supplies,Pens,West,86.31,17.6,0.0,20.39,21.11,0.72
2021-07-10,Office Supplies,Pens,West,419.64,59.5,0.1,14.18,12.77,1.41
2022-02-25,Technology,Accessories,South,100.87,11.14,0.1,11.04,13.55,2.51
2021-06-02,Furniture,Chairs,East,725.84,52.19,0.0,7.19,6.58,0.61
2021-07-03,Office Supplies,Labels,Central,28.85,5.58,0.0,19.33,20.71,1.38
2022-04-07,Office Supplies,Binders,South,106.7,15.66,0.1,14.68,13.7,0.98
2021-09-21,Technology,Accessories,Central,178.46,4.34,0.2,2.43,3.26,0.83
2023-05-11,Furniture,Storage,South,479.18,67.28,0.0,14.04,12.67,1.37
2021-11-09,Furniture,Storage,West,35.53,2.92,0.0,8.21,6.92,1.29
2024-09-23,Technology,Phones,Central,14.19,0.74,0.2,5.21,5.81,0.6
2023-09-19,Office Supplies,Pens,West,661.92,130.46,0.1,19.71,20.46,0.75
2022-04-12,Technology,Copiers,East,409.45,77.96,0.0,19.04,18.12,0.92
2024-08-24,Technology,Computers,West,10.28,-2.0,0.4,-19.44,-20.5,1.06
2022-03-19,Technology,Copiers,Central,122.45,14.3,0.1,11.68,11.87,0.19
2021-09-24,Office Supplies,Labels,Central,59.24,12.32,0.0,20.8,20.65,0.15
2022-09-17,Technology,Phones,East,266.74,32.2,0.0,12.07,12.12,0.05
2024-09-07,Furniture,Storage,South,313.24,25.15,0.0,8.03,7.81,0.22
2024-10-28,Technology,Copiers,Central,427.43,-30.01,0.3,-7.02,-6.65,0.37
2022-04-08,Office Supplies,Pens,West,29.34,3.85,0.1,13.12,12.67,0.45
2021-08-03,Office Supplies,Paper,West,118.06,-0.92,0.3,-0.78,-0.23,0.55
2023-01-16,Furniture,Bookcases,East,354.22,51.93,0.0,14.66,14.67,0.01
2024-01-03,Office Supplies,Paper,South,496.45,7.84,0.3,1.58,0.32,1.26
2023-12-20,Office Supplies,Envelopes,South,122.59,-0.97,0.3,-0.79,-1.51,0.72
2022-11-26,Furniture,Storage,Central,629.17,51.72,0.0,8.22,8.07,0.15
2022-08-10,Furniture,Bookcases,South,74.9,-9.52,0.3,-12.71,-11.29,1.42
2023-11-02,Technology,Phones,Central,288.14,32.1,0.1,11.14,11.52,0.38
2023-06-13,Furniture,Bookcases,South,199.78,-20.66,0.2,-10.34,-10.76,0.42
2022-01-31,Furniture,Tables,East,24.5,-5.1,0.4,-20.8,-19.35,1.45
2021-03-23,Office Supplies,Labels,West,52.57,-9.6,0.5,-18.27,-18.14,0.13
2023-01-09,Office Supplies,Envelopes,East,136.52,23.26,0.1,17.04,16.88,0.16
2024-06-22,Technology,Phones,East,29.56,3.0,0.0,10.14,8.74,1.4
2023-08-06,Furniture,Chairs,South,174.55,-11.29,0.2,-6.47,-6.95,0.48
2023-12-26,Technology,Accessories,West,107.25,19.96,0.0,18.61,19.15,0.54
2021-10-26,Technology,Accessories,West,181.42,-27.88,0.4,-15.37,-15.53,0.16
2024-04-15,Technology,Computers,West,43.42,1.98,0.1,4.56,4.67,0.11
2021-06-23,Technology,Computers,Central,31.0,0.51,0.2,1.64,2.38,0.74
2021-02-21,Technology,Computers,Central,150.92,0.36,0.2,0.24,0.57,0.33
2021-04-29,Furniture,Tables,South,89.44,-5.04,0.2,-5.64,-7.07,1.43
2024-06-18,Furniture,Chairs,West,186.2,-8.53,0.2,-4.58,-4.55,0.03
2024-01-07,Office Supplies,Paper,East,195.26,-33.25,0.5,-17.03,-17.04,0.01
2023-02-20,Furniture,Tables,West,662.79,44.74,0.0,6.75,7.4,0.65
2024-04-23,Technology,Accessories,Central,164.99,27.09,0.0,16.42,17.45,1.03
2022-09-18,Furniture,Storage,West,917.22,36.51,0.0,3.98,4.14,0.16
2021-06-05,Technology,Accessories,South,172.07,20.25,0.0,11.77,11.68,0.09
2024-08-30,Office Supplies,Paper,Central,1534.19,379.41,0.0,24.73,25.19,0.46
2023-03-07,Office Supplies,Pens,West,31.94,-2.73,0.4,-8.54,-9.01,0.47
2022-12-06,Technology,Phones,Central,204.18,2.96,0.2,1.45,0.35,1.1
2022-02-19,Furniture,Storage,South,450.18,-110.25,0.4,-24.49,-24.28,0.21
2023-10-21,Office Supplies,Paper,East,924.21,114.69,0.2,12.41,11.15,1.26
2021-08-16,Furniture,Chairs,West,219.96,-12.38,0.2,-5.63,-4.33,1.3
2024-11-16,Technology,Computers,East,482.7,77.04,0.0,15.96,15.14,0.82
2024-12-03,Technology,Accessories,South,69.2,11.63,0.0,16.8,17.07,0.27
2023-02-15,Office Supplies,Labels,East,448.27,16.36,0.2,3.65,5.75,2.1
2022-04-04,Office Supplies,Pens,East,304.6,-7.95,0.3,-2.61,-3.14,0.53
2021-07-13,Furniture,Bookcases,East,58.23,-0.77,0.1,-1.33,-0.15,1.18
2023-02-08,Furniture,Bookcases,Central,331.68,1.36,0.1,0.41,1.1,0.69
2021-06-10,Furniture,Bookcases,South,78.48,-1.23,0.1,-1.57,-1.08,0.49
2024-05-31,Office Supplies,Labels,Central,76.7,11.04,0.1,14.39,13.65,0.74
2024-08-22,Technology,Phones,South,92.65,15.19,0.0,16.39,16.13,0.26
2023-04-13,Furniture,Storage,West,94.53,-17.34,0.3,-18.34,-18.66,0.32
2023-02-20,Furniture,Storage,East,415.93,1.75,0.1,0.42,1.42,1.0
2021-06-17,Furniture,Tables,South,117.63,0.74,0.1,0.63,0.47,0.16
2022-12-30,Furniture,Bookcases,South,272.49,-1.17,0.1,-0.43,-0.78,0.35
2023-07-01,Technology,Accessories,Central,37.34,2.51,0.1,6.72,7.6,0.88
2022-04-01,Technology,Accessories,East,757.47,62.04,0.1,8.19,6.44,1.75
2024-03-21,Office Supplies,Pens,West,576.1,150.82,0.0,26.18,26.89,0.71
2023-05-02,Technology,Computers,East,187.15,32.79,0.0,17.52,16.9,0.62
2021-10-25,Office Supplies,Envelopes,East,312.15,71.45,0.0,22.89,24.51,1.62
2022-08-01,Office Supplies,Binders,East,18.17,4.04,0.0,22.23,21.26,0.97
2022-01-04,Furniture,Tables,South,203.36,-21.21,0.3,-10.43,-10.21,0.22
2022-07-21,Furniture,Storage,East,224.6,-9.32,0.1,-4.15,-5.33,1.18
2024-11-25,Furniture,Storage,South,400.71,-21.4,0.2,-5.34,-4.58,0.76
2023-05-23,Office Supplies,Paper,South,323.63,80.97,0.0,25.02,24.47,0.55
2023-09-21,Office Supplies,Pens,East,79.58,-2.15,0.3,-2.7,-3.38,0.68
2023-12-29,Office Supplies,Pens,East,413.97,26.78,0.2,6.47,4.64,1.83
2023-11-17,Technology,Accessories,East,595.44,22.45,0.2,3.77,3.69,0.08
2022-03-19,Furniture,Storage,Central,99.89,6.17,0.0,6.18,6.54,0.36
2024-08-04,Office Supplies,Binders,South,27.71,6.96,0.0,25.1,26.11,1.01
2023-09-01,Furniture,Chairs,Central,777.65,-91.92,0.2,-11.82,-11.44,0.38
2023-11-29,Office Supplies,Binders,Central,95.83,11.43,0.1,11.93,11.51,0.42
2022-10-02,Technology,Copiers,South,71.66,17.03,0.0,23.77,23.0,0.77
2022-02-25,Technology,Computers,West,54.15,9.35,0.0,17.26,18.12,0.86
2021-01-18,Furniture,Tables,East,21.22,0.38,0.1,1.79,1.56,0.23
2021-09-20,Technology,Accessories,East,29.56,4.27,0.0,14.45,15.71,1.26
2021-10-12,Technology,Computers,Central,208.2,17.78,0.1,8.54,9.17,0.63
2022-08-11,Furniture,Chairs,South,152.44,-42.15,0.5,-27.65,-27.82,0.17
2023-06-20,Furniture,Bookcases,West,390.9,-2.66,0.1,-0.68,-1.52,0.84
2022-06-20,Office Supplies,Paper,West,263.82,52.66,0.0,19.96,19.64,0.32
2022-02-20,Furniture,Bookcases,South,1510.14,-209.61,0.3,-13.88,-11.13,2.75
2022-02-16,Technology,Copiers,East,308.9,45.9,0.1,14.86,14.75,0.11
2021-08-29,Technology,Copiers,South,172.97,32.09,0.0,18.55,17.28,1.27
2021-05-26,Furniture,Chairs,Central,136.15,-18.92,0.3,-13.9,-11.09,2.81
2022-05-20,Office Supplies,Envelopes,South,238.32,2.86,0.3,1.2,0.88,0.32
2023-06-30,Office Supplies,Envelopes,West,166.47,0.42,0.3,0.25,0.53,0.28
2022-03-12,Technology,Computers,East,569.24,40.42,0.1,7.1,8.78,1.68
2024-12-24,Office Supplies,Envelopes,West,150.04,34.42,0.0,22.94,23.08,0.14
2021-10-25,Technology,Copiers,West,58.04,-13.45,0.5,-23.17,-23.48,0.31
2021-02-24,Technology,Accessories,South,557.18,-58.73,0.3,-10.54,-11.44,0.9
2024-09-27,Technology,Copiers,West,743.35,129.79,0.0,17.46,17.62,0.16
2023-07-07,Technology,Accessories,East,210.9,-13.67,0.3,-6.48,-7.37,0.89
2021-12-20,Office Supplies,Binders,South,781.79,-160.97,0.5,-20.59,-22.21,1.62
2022-09-27,Furniture,Storage,East,1231.43,-53.69,0.2,-4.36,-4.85,0.49
2023-05-16,Technology,Phones,East,415.13,25.49,0.1,6.14,7.01,0.87
2021-09-03,Technology,Phones,Central,186.41,2.37,0.2,1.27,-0.62,1.89
2021-01-25,Furniture,Chairs,South,933.38,-99.03,0.3,-10.61,-9.81,0.8
2021-01-11,Furniture,Tables,Central,173.07,-13.14,0.2,-7.59,-10.21,2.62
2024-03-10,Office Supplies,Pens,Central,219.11,-17.84,0.4,-8.14,-6.5,1.64
2023-10-04,Office Supplies,Pens,South,848.46,227.9,0.0,26.86,26.71,0.15
2024-07-05,Furniture,Chairs,East,206.5,2.89,0.0,1.4,2.72,1.32
2022-08-10,Office Supplies,Paper,Central,61.75,12.58,0.0,20.37,21.3,0.93
2022-03-11,Technology,Computers,West,595.28,101.85,0.0,17.11,16.86,0.25
2022-05-16,Office Supplies,Labels,South,87.43,20.44,0.0,23.38,23.21,0.17
2022-05-29,Furniture,Storage,East,129.8,4.04,0.0,3.11,2.78,0.33
2021-04-26,Office Supplies,Labels,South,49.94,-3.08,0.4,-6.16,-5.51,0.65
2021-02-09,Technology,Phones,East,53.31,3.24,0.1,6.07,8.0,1.93
2022-11-28,Furniture,Chairs,West,440.51,-53.52,0.3,-12.15,-14.58,2.43
2021-03-25,Furniture,Bookcases,East,728.63,-43.43,0.2,-5.96,-5.98,0.02
2022-02-12,Furniture,Bookcases,South,190.9,5.84,0.0,3.06,3.66,0.6
2022-01-13,Technology,Phones,West,26.96,3.1,0.1,11.48,8.63,2.85
2022-05-22,Technology,Computers,West,201.73,-4.8,0.2,-2.38,-3.03,0.65
2021-01-21,Technology,Phones,West,509.3,-70.59,0.4,-13.86,-13.3,0.56
2024-10-27,Office Supplies,Paper,Central,359.75,26.12,0.2,7.26,6.93,0.33
2021-11-28,Office Supplies,Binders,Central,166.08,49.04,0.0,29.53,29.49,0.04
2024-03-09,Office Supplies,Labels,East,38.48,2.51,0.2,6.53,4.43,2.1
2021-01-14,Technology,Copiers,South,91.66,11.78,0.0,12.85,12.88,0.03
2023-08-14,Furniture,Bookcases,South,225.76,-34.59,0.3,-15.32,-15.78,0.46
2021-05-15,Technology,Phones,East,617.44,46.25,0.1,7.49,8.91,1.42
2023-03-15,Furniture,Bookcases,Central,271.12,-19.6,0.2,-7.23,-8.2,0.97
2023-02-08,Furniture,Storage,East,687.73,-203.98,0.4,-29.66,-30.26,0.6
2021-03-11,Furniture,Bookcases,Central,48.19,4.45,0.0,9.24,8.64,0.6
2022-10-12,Furniture,Chairs,South,74.05,5.78,0.0,7.8,8.16,0.36
2021-01-12,Furniture,Storage,East,473.0,-1.14,0.1,-0.24,-2.63,2.39
2021-11-14,Furniture,Tables,West,413.64,31.35,0.0,7.58,8.79,1.21
2022-01-06,Furniture,Tables,East,48.02,1.65,0.0,3.44,3.35,0.09
2023-10-25,Furniture,Storage,East,112.63,7.58,0.0,6.73,5.36,1.37
2022-10-11,Office Supplies,Labels,Central,55.01,-1.47,0.3,-2.67,-1.65,1.02
2024-06-07,Technology,Copiers,South,124.34,28.1,0.0,22.6,22.63,0.03
2024-12-20,Furniture,Chairs,Central,320.26,31.83,0.0,9.94,8.67,1.27
2024-03-30,Technology,Copiers,East,129.87,-0.38,0.2,-0.29,0.75,1.04
2023-02-15,Office Supplies,Envelopes,East,1248.8,-118.89,0.4,-9.52,-10.44,0.92
2022-05-03,Furniture,Chairs,West,428.05,-2.57,0.1,-0.6,-2.37,1.77
2022-10-18,Office Supplies,Labels,South,247.48,11.58,0.2,4.68,4.63,0.05
2022-11-09,Technology,Computers,East,70.18,4.59,0.1,6.54,5.69,0.85
2024-03-25,Office Supplies,Binders,West,616.81,41.2,0.2,6.68,6.36,0.32
2022-01-23,Furniture,Storage,West,183.22,23.42,0.0,12.78,12.78,0.0
2022-03-04,Furniture,Bookcases,West,20.49,-1.72,0.2,-8.37,-9.17,0.8
2023-05-05,Furniture,Bookcases,East,179.7,-59.01,0.5,-32.84,-33.04,0.2
2024-06-21,Furniture,Storage,East,235.35,2.09,0.1,0.89,0.11,0.78
2022-10-12,Technology,Copiers,South,319.09,45.09,0.0,14.13,14.69,0.56
2023-11-04,Office Supplies,Labels,Central,155.87,-10.33,0.4,-6.63,-6.26,0.37
2022-11-09,Office Supplies,Pens,West,818.01,-22.17,0.3,-2.71,-3.95,1.24
2024-11-23,Technology,Copiers,Central,17.49,0.75,0.2,4.29,4.8,0.51
2023-02-27,Furniture,Tables,Central,38.88,-3.06,0.2,-7.88,-6.83,1.05
2021-04-04,Office Supplies,Binders,West,428.05,57.83,0.1,13.51,13.39,0.12
2023-07-25,Technology,Copiers,East,27.0,3.33,0.1,12.33,12.27,0.06
2023-10-19,Furniture,Chairs,West,133.85,-29.82,0.4,-22.28,-21.55,0.73
2023-05-23,Office Supplies,Envelopes,East,123.79,26.03,0.0,21.03,21.14,0.11
2023-01-02,Office Supplies,Labels,South,1233.51,187.12,0.1,15.17,15.78,0.61
2021-10-09,Furniture,Bookcases,East,557.61,-84.03,0.3,-15.07,-16.65,1.58
2023-06-04,Technology,Copiers,Central,309.13,56.69,0.0,18.34,20.14,1.8
2021-09-30,Furniture,Chairs,West,247.21,23.34,0.0,9.44,10.94,1.5
2024-04-11,Technology,Computers,West,27.61,2.84,0.1,10.29,9.7,0.59
2022-01-16,Technology,Phones,West,110.25,-24.46,0.5,-22.19,-21.7,0.49
2022-03-23,Office Supplies,Labels,West,680.8,60.93,0.2,8.95,7.85,1.1
2023-06-22,Technology,Phones,Central,996.89,29.61,0.2,2.97,4.25,1.28
2024-10-19,Furniture,Tables,East,333.99,-53.77,0.3,-16.1,-14.04,2.06
2021-11-14,Technology,Phones,West,179.68,35.88,0.0,19.97,20.66,0.69
2024-08-24,Technology,Computers,West,81.37,14.65,0.0,18.01,19.63,1.62
2024-01-08,Office Supplies,Binders,Central,89.53,22.0,0.0,24.57,26.25,1.68
2022-01-14,Office Supplies,Envelopes,Central,799.39,172.03,0.0,21.52,22.77,1.25
2024-10-12,Technology,Computers,West,42.77,0.79,0.2,1.85,2.34,0.49
2024-03-07,Technology,Phones,South,72.59,12.68,0.0,17.47,16.56,0.91
2023-08-16,Office Supplies,Pens,West,75.89,15.59,0.0,20.54,21.61,1.07
2023-01-16,Furniture,Tables,West,83.89,6.06,0.0,7.22,5.98,1.24
2024-12-01,Office Supplies,Binders,Central,1444.73,365.08,0.0,25.27,26.47,1.2
2024-06-05,Office Supplies,Paper,Central,52.4,-2.47,0.3,-4.71,-5.44,0.73
2024-01-18,Furniture,Storage,South,308.79,-16.86,0.1,-5.46,-6.06,0.6
2022-11-24,Furniture,Storage,East,856.52,-189.21,0.4,-22.09,-23.43,1.34
2023-11-17,Furniture,Chairs,East,739.84,-80.49,0.2,-10.88,-10.01,0.87
2021-03-09,Technology,Accessories,West,116.81,11.1,0.1,9.5,9.69,0.19
2024-11-10,Furniture,Tables,East,104.26,-14.01,0.3,-13.44,-14.67,1.23
2023-02-01,Technology,Copiers,South,450.93,10.01,0.2,2.22,2.08,0.14
2024-12-03,Furniture,Storage,West,517.77,37.49,0.0,7.24,6.58,0.66
2024-02-23,Furniture,Storage,West,380.29,-76.86,0.4,-20.21,-19.33,0.88
2022-06-11,Furniture,Chairs,East,207.99,17.68,0.0,8.5,8.54,0.04
2022-11-24,Furniture,Chairs,East,32.0,2.7,0.0,8.43,8.44,0.01
2024-08-21,Furniture,Storage,West,136.83,6.94,0.0,5.07,5.91,0.84
2021-11-05,Furniture,Chairs,South,39.47,2.75,0.0,6.96,7.45,0.49
2022-05-17,Office Supplies,Labels,South,301.84,2.48,0.3,0.82,2.06,1.24
2024-01-01,Office Supplies,Pens,South,310.0,30.22,0.1,9.75,9.87,0.12
2021-09-17,Technology,Phones,Central,641.07,114.62,0.0,17.88,18.05,0.17
2021-02-12,Technology,Computers,South,31.55,4.58,0.1,14.52,15.14,0.62
2023-01-11,Office Supplies,Binders,Central,372.34,84.82,0.0,22.78,23.31,0.53
2023-06-23,Technology,Phones,East,113.17,-1.43,0.3,-1.26,-0.58,0.68
2023-02-18,Technology,Accessories,East,94.64,-12.21,0.4,-12.9,-13.03,0.13
2021-09-23,Office Supplies,Pens,Central,192.92,42.02,0.0,21.78,22.54,0.76
2022-09-04,Office Supplies,Pens,West,63.94,9.33,0.1,14.59,14.99,0.4
2023-11-10,Furniture,Bookcases,Central,18.59,-2.23,0.3,-12.01,-13.44,1.43
2024-02-09,Furniture,Bookcases,West,67.63,-3.74,0.2,-5.53,-6.49,0.96
2022-08-18,Office Supplies,Envelopes,Central,169.65,35.03,0.0,20.65,20.66,0.01
2022-08-24,Office Supplies,Envelopes,Central,356.29,69.87,0.0,19.61,18.66,0.95
2022-01-28,Furniture,Chairs,Central,146.77,7.09,0.0,4.83,5.9,1.07
2023-06-19,Furniture,Tables,Central,533.65,49.63,0.0,9.3,8.79,0.51
2021-06-19,Technology,Phones,Central,310.79,-27.63,0.3,-8.89,-8.56,0.33
2024-08-18,Office Supplies,Paper,Central,166.5,14.77,0.2,8.87,8.83,0.04
2024-05-26,Furniture,Storage,Central,533.81,-33.63,0.2,-6.3,-6.86,0.56
2022-02-04,Technology,Phones,Central,70.6,7.86,0.1,11.14,11.04,0.1
2023-08-31,Furniture,Chairs,Central,978.43,99.51,0.0,10.17,10.28,0.11
2023-09-02,Technology,Computers,West,929.31,-106.22,0.4,-11.43,-10.85,0.58
2021-09-09,Technology,Computers,West,444.64,49.89,0.1,11.22,10.26,0.96
2023-05-04,Technology,Accessories,South,290.78,63.33,0.0,21.78,22.47,0.69
2022-10-27,Office Supplies,Labels,West,498.42,-9.97,0.3,-2.0,-1.59,0.41
2022-03-10,Furniture,Chairs,South,230.74,-22.52,0.2,-9.76,-8.99,0.77
2021-07-08,Furniture,Bookcases,West,41.35,4.03,0.0,9.75,9.38,0.37
2021-05-22,Furniture,Bookcases,South,297.28,-68.76,0.4,-23.13,-22.54,0.59
2022-09-17,Technology,Computers,South,385.17,-34.59,0.3,-8.98,-8.73,0.25
2024-09-28,Furniture,Tables,West,436.72,52.76,0.0,12.08,12.11,0.03
2022-05-13,Technology,Accessories,West,143.29,20.07,0.1,14.01,14.39,0.38
2022-12-20,Furniture,Bookcases,East,572.77,-120.68,0.3,-21.07,-22.05,0.98
2024-11-29,Technology,Accessories,Central,726.92,70.87,0.2,9.75,11.0,1.25
2023-10-04,Technology,Accessories,Central,462.1,63.31,0.0,13.7,13.44,0.26
2022-07-05,Office Supplies,Paper,South,250.7,58.96,0.0,23.52,23.46,0.06
2023-08-28,Technology,Copiers,West,216.46,36.8,0.0,17.0,17.18,0.18
2023-12-20,Furniture,Bookcases,South,458.65,17.57,0.0,3.83,4.13,0.3
2022-09-19,Office Supplies,Labels,East,521.62,38.5,0.2,7.38,6.93,0.45
2021-06-30,Office Supplies,Labels,East,103.4,13.03,0.1,12.6,12.27,0.33
2021-02-25,Office Supplies,Pens,West,126.38,16.25,0.0,12.86,12.44,0.42
2023-01-15,Furniture,Tables,East,26.03,2.54,0.0,9.76,10.38,0.62
2021-10-12,Office Supplies,Pens,South,276.11,18.91,0.2,6.85,6.63,0.22
2024-12-03,Furniture,Storage,Central,315.12,-44.62,0.2,-14.16,-11.81,2.35
2024-12-21,Technology,Accessories,West,433.84,77.09,0.0,17.77,17.4,0.37
2021-10-24,Office Supplies,Envelopes,South,67.13,8.1,0.2,12.06,12.12,0.06
2021-12-30,Furniture,Bookcases,Central,53.87,-9.39,0.3,-17.43,-18.26,0.83
2023-08-07,Technology,Phones,South,29.1,3.18,0.1,10.93,9.55,1.38
2023-02-09,Furniture,Chairs,South,304.92,24.79,0.0,8.13,9.39,1.26
2022-12-30,Office Supplies,Envelopes,South,264.36,58.66,0.0,22.19,23.99,1.8
2021-07-18,Furniture,Storage,East,16.67,-3.01,0.3,-18.04,-17.07,0.97
2024-09-06,Furniture,Storage,West,41.92,2.15,0.0,5.13,5.5,0.37
2022-01-19,Technology,Accessories,South,293.2,53.25,0.0,18.16,19.13,0.97
2024-07-21,Technology,Computers,South,208.31,41.6,0.0,19.97,21.02,1.05
2022-06-20,Technology,Copiers,South,139.56,0.98,0.2,0.7,1.08,0.38
2022-07-08,Office Supplies,Paper,West,465.02,119.93,0.0,25.79,25.41,0.38
2022-12-22,Office Supplies,Labels,East,946.41,209.63,0.0,22.15,19.93,2.22
2023-08-09,Technology,Accessories,South,67.53,13.01,0.0,19.26,20.26,1.0
2023-06-05,Office Supplies,Labels,Central,39.9,6.62,0.1,16.6,17.41,0.81
2022-05-08,Technology,Computers,West,392.01,55.39,0.0,14.13,13.99,0.14
2021-11-11,Furniture,Bookcases,South,249.47,-12.7,0.2,-5.09,-4.62,0.47
2021-03-16,Furniture,Bookcases,East,229.99,24.72,0.0,10.75,10.66,0.09
2021-04-06,Furniture,Bookcases,Central,118.32,-7.38,0.2,-6.24,-6.45,0.21
2024-05-25,Technology,Computers,East,988.01,61.26,0.2,6.2,7.8,1.6
2021-07-26,Office Supplies,Labels,Central,223.32,42.39,0.0,18.98,16.88,2.1
2024-10-21,Technology,Computers,South,1029.68,93.08,0.1,9.04,8.01,1.03
2022-06-27,Technology,Computers,South,369.53,79.97,0.0,21.64,22.67,1.03
2022-10-09,Furniture,Bookcases,South,185.37,-3.08,0.1,-1.66,-0.35,1.31
2022-04-08,Office Supplies,Envelopes,South,145.23,16.4,0.2,11.29,11.17,0.12
2023-06-22,Technology,Copiers,West,395.7,36.96,0.1,9.34,9.41,0.07
2022-04-06,Technology,Phones,West,33.95,5.35,0.1,15.77,15.11,0.66
2023-01-13,Office Supplies,Envelopes,East,26.24,6.02,0.0,22.94,24.72,1.78
2023-08-29,Furniture,Tables,Central,50.3,0.53,0.1,1.05,1.28,0.23
2022-02-04,Office Supplies,Labels,South,325.78,-13.68,0.3,-4.2,-4.34,0.14
2023-04-12,Office Supplies,Binders,East,381.09,77.48,0.0,20.33,20.35,0.02
2021-11-02,Furniture,Tables,South,187.99,-46.45,0.4,-24.71,-24.18,0.53
2022-06-05,Technology,Copiers,South,92.43,15.56,0.1,16.83,15.6,1.23
2023-09-17,Office Supplies,Binders,South,752.85,54.88,0.2,7.29,6.05,1.24
2021-02-10,Technology,Phones,Central,415.64,-16.0,0.3,-3.85,-1.46,2.39
2022-08-27,Office Supplies,Pens,East,417.18,81.22,0.0,19.47,19.6,0.13
2022-10-10,Office Supplies,Binders,East,55.42,9.68,0.1,17.47,17.67,0.2
2023-08-23,Furniture,Chairs,West,248.74,-16.09,0.2,-6.47,-6.38,0.09
2021-10-04,Furniture,Tables,West,116.68,-11.48,0.2,-9.84,-10.45,0.61
2023-01-08,Office Supplies,Binders,Central,175.91,39.46,0.0,22.43,22.66,0.23
2023-12-02,Furniture,Storage,Central,54.31,2.89,0.0,5.33,5.52,0.19
2023-04-01,Technology,Copiers,East,278.07,18.44,0.2,6.63,6.72,0.09
2022-01-04,Technology,Accessories,West,936.5,-27.25,0.3,-2.91,-1.91,1.0
2023-06-01,Office Supplies,Labels,East,2271.6,19.76,0.2,0.87,0.31,0.56
2021-03-01,Furniture,Bookcases,East,178.82,6.83,0.0,3.82,5.52,1.7
2023-10-23,Furniture,Chairs,South,362.43,-58.21,0.3,-16.06,-15.4,0.66
2024-04-17,Technology,Copiers,Central,31.95,-3.8,0.4,-11.88,-10.69,1.19
2023-02-28,Furniture,Tables,Central,247.6,-14.93,0.2,-6.03,-4.66,1.37
2021-06-14,Technology,Copiers,Central,308.17,59.17,0.0,19.2,19.12,0.08
2023-10-28,Furniture,Storage,South,553.7,39.7,0.0,7.17,7.03,0.14
2021-11-20,Office Supplies,Binders,West,1024.61,217.52,0.0,21.23,21.16,0.07
2023-03-29,Technology,Phones,East,290.71,-75.09,0.5,-25.83,-24.88,0.95
2024-03-12,Technology,Accessories,Central,354.82,69.4,0.0,19.56,19.99,0.43
2023-12-13,Office Supplies,Labels,South,308.73,20.25,0.2,6.56,5.11,1.45
2023-12-10,Office Supplies,Labels,East,974.05,65.85,0.2,6.76,7.21,0.45
2023-09-05,Office Supplies,Labels,West,252.65,-26.2,0.4,-10.37,-10.58,0.21
2022-05-07,Technology,Accessories,Central,386.12,8.38,0.2,2.17,2.63,0.46
2022-10-08,Furniture,Bookcases,West,37.02,-1.3,0.1,-3.5,-3.49,0.01
2021-01-03,Technology,Phones,West,208.33,40.25,0.0,19.32,17.57,1.75
2021-10-05,Technology,Computers,West,280.16,19.67,0.2,7.02,6.1,0.92
2021-01-09,Furniture,Storage,West,256.37,32.46,0.0,12.66,10.66,2.0
2023-01-05,Furniture,Storage,South,313.86,-94.16,0.5,-30.0,-30.19,0.19
2022-11-19,Office Supplies,Binders,East,413.62,79.62,0.0,19.25,20.98,1.73
2023-06-19,Technology,Phones,East,96.26,18.92,0.0,19.65,18.74,0.91
2023-04-30,Technology,Computers,Central,105.37,19.8,0.0,18.79,18.63,0.16
2022-01-13,Technology,Phones,West,877.22,89.74,0.0,10.23,12.29,2.06
2021-03-25,Furniture,Storage,South,466.89,40.11,0.0,8.59,7.82,0.77
2023-11-26,Technology,Computers,East,401.13,72.56,0.0,18.09,15.76,2.33
2024-03-25,Furniture,Chairs,East,209.12,-2.7,0.1,-1.29,-0.87,0.42
2024-09-19,Office Supplies,Envelopes,East,417.95,61.06,0.1,14.61,15.92,1.31
2022-10-19,Technology,Computers,South,133.75,-21.92,0.4,-16.39,-16.22,0.17
2022-01-20,Furniture,Bookcases,Central,286.38,-22.97,0.2,-8.02,-8.91,0.89
2022-08-20,Furniture,Tables,Central,678.35,-5.7,0.1,-0.84,-2.2,1.36
2022-03-09,Furniture,Storage,South,172.37,9.57,0.0,5.55,5.15,0.4
2021-04-17,Furniture,Storage,West,505.64,30.69,0.0,6.07,7.05,0.98
2021-03-02,Furniture,Storage,East,482.07,51.2,0.0,10.62,10.96,0.34
2023-08-15,Office Supplies,Labels,South,311.36,80.55,0.0,25.87,28.46,2.59
2022-03-11,Technology,Accessories,Central,15.34,0.43,0.1,2.78,3.5,0.72
2024-03-18,Technology,Accessories,Central,32.66,1.32,0.2,4.03,2.95,1.08
2023-04-14,Furniture,Storage,East,335.29,20.72,0.0,6.18,7.09,0.91
2024-08-11,Office Supplies,Envelopes,Central,118.19,23.69,0.1,20.04,20.6,0.56
2021-05-11,Technology,Phones,South,380.23,-25.74,0.3,-6.77,-5.69,1.08
2021-01-26,Furniture,Bookcases,Central,199.67,8.39,0.1,4.2,4.57,0.37
2023-04-03,Technology,Phones,East,503.93,35.53,0.1,7.05,6.6,0.45
2024-02-28,Technology,Phones,East,668.21,75.04,0.1,11.23,10.68,0.55
2024-12-20,Office Supplies,Binders,Central,204.52,-39.98,0.5,-19.55,-19.33,0.22
2024-11-06,Technology,Phones,West,46.37,2.95,0.1,6.36,6.68,0.32
2021-08-22,Office Supplies,Binders,East,264.81,-55.66,0.5,-21.02,-22.0,0.98
2023-06-11,Furniture,Chairs,Central,1088.32,29.93,0.1,2.75,5.48,2.73
2024-03-23,Furniture,Storage,South,224.83,-35.12,0.3,-15.62,-16.17,0.55
2022-12-05,Furniture,Tables,West,191.22,-62.11,0.5,-32.48,-32.97,0.49
2022-08-23,Technology,Accessories,South,106.23,11.24,0.1,10.58,11.67,1.09
2024-11-04,Furniture,Tables,South,162.49,4.19,0.0,2.58,2.31,0.27
2022-11-09,Technology,Accessories,West,234.48,40.54,0.0,17.29,16.96,0.33
2021-05-26,Office Supplies,Binders,Central,960.4,-55.99,0.3,-5.83,-5.57,0.26
2024-09-23,Office Supplies,Binders,Central,486.22,62.82,0.1,12.92,12.42,0.5
2021-03-29,Technology,Accessories,West,507.32,-43.02,0.3,-8.48,-7.71,0.77
2022-04-17,Furniture,Storage,South,992.6,69.48,0.0,7.0,8.04,1.04
2024-11-14,Furniture,Tables,West,61.07,2.91,0.0,4.77,5.15,0.38
2024-05-07,Technology,Computers,West,391.03,-16.5,0.2,-4.22,-4.04,0.18
2021-01-29,Office Supplies,Envelopes,West,284.15,63.39,0.0,22.31,22.46,0.15
2021-11-27,Office Supplies,Labels,Central,408.95,-91.03,0.5,-22.26,-20.85,1.41
2021-09-20,Technology,Accessories,Central,34.27,2.55,0.1,7.43,5.86,1.57
2024-06-03,Technology,Copiers,West,219.79,29.47,0.0,13.41,14.56,1.15
2021-01-08,Technology,Copiers,East,69.77,9.4,0.1,13.48,13.6,0.12
2024-08-08,Furniture,Tables,South,143.05,-1.73,0.0,-1.21,-0.43,0.78
2022-12-05,Furniture,Storage,Central,433.04,1.78,0.1,0.41,1.82,1.41
2024-05-28,Technology,Accessories,South,21.56,0.88,0.2,4.06,3.45,0.61
2022-07-09,Furniture,Tables,West,31.67,2.73,0.0,8.63,9.23,0.6
2024-05-26,Office Supplies,Envelopes,South,41.23,-1.04,0.3,-2.53,-2.33,0.2
2022-04-14,Office Supplies,Labels,West,164.77,14.71,0.2,8.93,10.33,1.4
2023-04-12,Technology,Accessories,South,61.92,10.0,0.0,16.15,16.08,0.07
2021-03-10,Furniture,Tables,East,121.33,-17.99,0.3,-14.83,-14.0,0.83
2022-10-15,Technology,Phones,South,54.03,9.45,0.0,17.49,19.13,1.64
2022-07-02,Office Supplies,Labels,South,665.55,6.92,0.2,1.04,0.35,0.69
2021-07-04,Technology,Accessories,East,163.11,-29.56,0.4,-18.12,-17.15,0.97
2024-05-25,Furniture,Tables,West,580.0,32.48,0.1,5.6,6.61,1.01
2023-01-13,Office Supplies,Labels,Central,152.93,35.42,0.0,23.16,22.33,0.83
2022-11-19,Technology,Copiers,West,550.46,-43.43,0.3,-7.89,-9.65,1.76
2024-09-17,Furniture,Storage,West,890.69,65.2,0.0,7.32,7.18,0.14
2023-08-24,Furniture,Bookcases,West,192.44,-18.55,0.2,-9.64,-8.97,0.67
2021-01-01,Office Supplies,Binders,West,446.72,106.5,0.0,23.84,21.59,2.25
2023-01-07,Furniture,Storage,West,96.5,-17.92,0.3,-18.57,-19.18,0.61
2023-12-17,Technology,Copiers,West,708.5,122.5,0.0,17.29,17.63,0.34
2024-12-08,Furniture,Bookcases,Central,482.02,-46.9,0.2,-9.73,-9.74,0.01
2022-10-26,Technology,Copiers,South,12.84,-0.48,0.3,-3.73,-5.07,1.34
2024-02-19,Office Supplies,Envelopes,East,102.35,20.58,0.1,20.11,20.58,0.47
2024-02-21,Technology,Accessories,South,15.45,-2.06,0.4,-13.31,-13.83,0.52
2022-12-08,Furniture,Chairs,West,210.29,-28.79,0.3,-13.69,-13.64,0.05
2022-11-03,Furniture,Tables,East,666.34,-42.38,0.1,-6.36,-5.13,1.23
2021-02-20,Office Supplies,Paper,Central,349.12,23.81,0.2,6.82,5.82,1.0
2022-01-12,Furniture,Tables,Central,785.06,-4.08,0.1,-0.52,-0.49,0.03
2022-02-18,Office Supplies,Labels,South,116.01,27.85,0.0,24.01,26.51,2.5
2022-06-05,Furniture,Chairs,Central,38.6,-10.14,0.4,-26.26,-25.88,0.38
2023-08-28,Office Supplies,Labels,East,556.7,30.95,0.2,5.56,3.59,1.97
2021-10-07,Furniture,Storage,West,171.31,-14.58,0.2,-8.51,-7.74,0.77
2024-08-17,Technology,Copiers,South,499.47,99.79,0.0,19.98,21.75,1.77
2021-04-12,Technology,Copiers,South,470.13,48.56,0.1,10.33,10.16,0.17
2021-08-25,Technology,Computers,East,880.8,211.22,0.0,23.98,23.52,0.46
2024-10-12,Furniture,Tables,Central,614.9,-64.13,0.2,-10.43,-10.06,0.37
2024-07-25,Technology,Phones,South,264.33,59.1,0.0,22.36,23.79,1.43
2024-04-16,Furniture,Chairs,West,298.55,-26.75,0.2,-8.96,-8.42,0.54
2023-10-18,Office Supplies,Envelopes,West,270.94,30.67,0.2,11.32,10.1,1.22
2024-08-14,Technology,Copiers,Central,303.6,47.21,0.0,15.55,16.48,0.93
2024-12-18,Office Supplies,Envelopes,Central,152.61,8.91,0.2,5.84,4.92,0.92
2024-01-31,Furniture,Storage,South,218.81,26.61,0.0,12.16,11.71,0.45
2024-08-28,Furniture,Chairs,Central,201.24,13.46,0.0,6.69,6.06,0.63
2021-07-11,Office Supplies,Binders,East,220.92,49.8,0.0,22.54,23.89,1.35
2024-09-25,Office Supplies,Paper,Central,148.14,28.12,0.0,18.98,19.03,0.05
2024-08-10,Furniture,Chairs,Central,183.2,-11.18,0.2,-6.1,-6.21,0.11
2022-10-03,Office Supplies,Labels,South,587.78,43.08,0.2,7.33,7.38,0.05
2022-05-17,Technology,Computers,East,98.38,0.66,0.3,0.67,2.16,1.49
2021-07-28,Office Supplies,Binders,West,444.0,93.82,0.0,21.13,21.98,0.85
2022-02-20,Furniture,Bookcases,East,335.33,0.87,0.1,0.26,-0.78,1.04
2022-10-05,Furniture,Tables,Central,206.24,-3.13,0.1,-1.52,-2.46,0.94
2021-03-06,Office Supplies,Paper,East,712.88,143.43,0.0,20.12,20.19,0.07
2022-12-09,Technology,Phones,West,98.83,16.47,0.0,16.66,15.45,1.21
2022-09-23,Office Supplies,Paper,West,50.46,11.42,0.0,22.63,22.07,0.56
2023-01-06,Technology,Phones,West,289.43,18.12,0.1,6.26,6.78,0.52
2023-03-11,Technology,Copiers,South,907.7,98.67,0.1,10.87,10.77,0.1
2022-06-16,Technology,Phones,West,62.56,-13.85,0.5,-22.14,-23.37,1.23
2021-04-16,Furniture,Chairs,South,308.61,38.45,0.0,12.46,11.35,1.11
2022-06-14,Furniture,Bookcases,Central,115.96,-15.9,0.2,-13.71,-13.45,0.26
2024-06-20,Furniture,Storage,West,1089.46,-98.81,0.2,-9.07,-9.82,0.75
2023-08-24,Technology,Computers,West,164.59,32.54,0.0,19.77,20.53,0.76
2021-12-08,Office Supplies,Pens,South,265.64,41.04,0.0,15.45,15.72,0.27
2024-04-26,Office Supplies,Envelopes,Central,75.09,-7.44,0.4,-9.91,-11.07,1.16
2024-02-09,Office Supplies,Binders,West,51.15,13.6,0.0,26.59,27.63,1.04
2024-01-16,Office Supplies,Labels,East,22.94,2.35,0.1,10.23,10.4,0.17
2023-08-14,Furniture,Chairs,West,388.39,-40.12,0.2,-10.33,-11.23,0.9
2021-10-04,Office Supplies,Labels,East,206.26,62.1,0.0,30.11,29.88,0.23
2021-04-25,Office Supplies,Paper,East,310.94,59.58,0.0,19.16,19.42,0.26
2024-12-12,Office Supplies,Envelopes,West,276.61,50.48,0.0,18.25,17.98,0.27
2021-04-27,Office Supplies,Paper,East,299.44,77.58,0.0,25.91,25.02,0.89
2021-01-27,Furniture,Tables,Central,256.29,-22.53,0.2,-8.79,-8.57,0.22
2022-06-15,Office Supplies,Binders,West,30.36,0.09,0.2,0.29,1.73,1.44
2022-10-15,Office Supplies,Envelopes,Central,1068.72,188.42,0.0,17.63,19.5,1.87
2021-05-06,Technology,Phones,Central,209.23,15.15,0.1,7.24,6.67,0.57
2023-03-21,Furniture,Storage,South,186.02,9.62,0.0,5.17,5.58,0.41
2022-11-03,Office Supplies,Binders,South,121.16,2.76,0.2,2.28,3.24,0.96
2021-01-08,Technology,Computers,Central,520.41,-13.48,0.3,-2.59,-2.53,0.06
2024-01-16,Technology,Phones,East,457.94,53.67,0.1,11.72,12.18,0.46
2022-12-27,Technology,Phones,Central,75.11,-0.09,0.3,-0.12,-0.58,0.46
2022-12-02,Technology,Accessories,Central,290.77,22.65,0.1,7.79,6.96,0.83
2024-05-03,Furniture,Chairs,West,22.29,-4.63,0.4,-20.79,-20.62,0.17
2022-08-05,Office Supplies,Binders,West,520.97,115.19,0.0,22.11,23.2,1.09
2021-04-29,Technology,Copiers,East,55.3,5.57,0.1,10.08,10.03,0.05
2024-03-24,Technology,Copiers,West,350.58,36.11,0.1,10.3,10.77,0.47
2023-01-06,Office Supplies,Labels,West,65.99,15.46,0.0,23.43,22.11,1.32
2024-10-13,Technology,Copiers,West,341.47,35.82,0.1,10.49,9.43,1.06
2024-04-13,Office Supplies,Paper,West,809.71,-10.04,0.3,-1.24,-2.14,0.9
2023-03-30,Furniture,Storage,West,473.9,39.38,0.0,8.31,6.0,2.31
2022-01-14,Furniture,Tables,West,294.55,18.44,0.1,6.26,6.97,0.71
2021-02-23,Office Supplies,Labels,Central,552.25,112.66,0.0,20.4,17.34,3.06
2023-12-29,Furniture,Chairs,West,113.77,-19.69,0.3,-17.31,-15.87,1.44
2024-10-12,Technology,Computers,West,463.6,90.82,0.0,19.59,20.45,0.86
2023-03-04,Furniture,Storage,South,590.53,14.7,0.1,2.49,1.33,1.16
2022-03-04,Furniture,Storage,East,527.01,19.29,0.0,3.66,4.92,1.26
2021-08-05,Technology,Copiers,Central,767.23,153.91,0.0,20.06,17.91,2.15
2023-07-10,Furniture,Storage,South,169.36,13.45,0.0,7.94,8.7,0.76
2023-09-13,Technology,Copiers,Central,160.43,29.33,0.0,18.28,17.24,1.04
2022-07-01,Furniture,Chairs,Central,291.22,0.96,0.1,0.33,0.47,0.14
2024-08-12,Furniture,Chairs,East,109.0,-7.72,0.2,-7.08,-8.32,1.24
2023-05-30,Furniture,Chairs,West,574.45,-42.62,0.2,-7.42,-7.18,0.24
2022-04-13,Technology,Accessories,South,706.58,120.4,0.0,17.04,15.45,1.59
2023-12-02,Technology,Phones,South,988.15,159.19,0.0,16.11,16.38,0.27
2024-01-01,Technology,Phones,East,325.47,-10.68,0.3,-3.28,-3.41,0.13
2022-04-22,Technology,Phones,South,128.17,-29.42,0.5,-22.95,-22.83,0.12
2024-01-09,Technology,Phones,Central,254.26,-24.33,0.3,-9.57,-10.17,0.6
2021-08-04,Technology,Accessories,East,77.0,12.21,0.0,15.86,16.01,0.15
2023-11-20,Furniture,Bookcases,West,511.25,-83.28,0.3,-16.29,-16.37,0.08
2022-06-06,Technology,Accessories,East,21.74,0.44,0.2,2.01,3.54,1.53
2021-09-12,Technology,Accessories,South,398.93,-6.46,0.3,-1.62,-2.09,0.47
2023-06-17,Office Supplies,Pens,East,228.71,32.36,0.1,14.15,14.87,0.72
2024-05-08,Office Supplies,Labels,East,448.42,11.75,0.2,2.62,1.53,1.09
2022-11-06,Furniture,Storage,West,55.78,-10.62,0.3,-19.04,-18.82,0.22
2021-03-13,Technology,Computers,South,136.47,19.09,0.0,13.99,15.33,1.34
2021-12-13,Office Supplies,Envelopes,East,241.25,-5.52,0.3,-2.29,-2.62,0.33
2023-07-24,Furniture,Tables,South,27.08,1.52,0.0,5.62,6.05,0.43
2021-07-23,Office Supplies,Paper,South,811.37,188.24,0.0,23.2,23.45,0.25
2021-01-02,Office Supplies,Pens,West,823.97,87.09,0.1,10.57,10.66,0.09
2023-04-27,Furniture,Tables,South,632.89,33.61,0.1,5.31,5.44,0.13
2021-03-09,Technology,Copiers,East,501.75,-124.53,0.5,-24.82,-26.91,2.09
2022-09-14,Technology,Computers,East,335.74,52.74,0.0,15.71,16.1,0.39
2021-01-22,Technology,Computers,West,342.31,-35.57,0.4,-10.39,-8.31,2.08
2022-07-06,Technology,Accessories,Central,384.82,-8.93,0.2,-2.32,-1.49,0.83
2024-09-10,Technology,Phones,Central,134.09,11.65,0.1,8.69,9.46,0.77
2023-07-13,Office Supplies,Paper,Central,308.73,25.25,0.2,8.18,8.07,0.11
2023-01-01,Technology,Copiers,South,111.4,23.64,0.0,21.22,20.91,0.31
2023-11-28,Technology,Phones,Central,248.84,58.93,0.0,23.68,22.8,0.88
2024-03-14,Office Supplies,Envelopes,East,591.01,24.94,0.2,4.22,3.41,0.81
2024-06-01,Technology,Phones,East,123.6,23.42,0.0,18.95,18.38,0.57
2021-12-02,Office Supplies,Pens,East,85.73,18.45,0.0,21.52,20.6,0.92
2024-10-23,Technology,Accessories,South,303.75,7.81,0.2,2.57,1.94,0.63
2021-05-19,Furniture,Bookcases,Central,400.12,8.52,0.1,2.13,0.21,1.92
2024-08-15,Furniture,Bookcases,South,20.93,-0.7,0.1,-3.33,-2.72,0.61
2023-09-21,Technology,Computers,East,168.87,27.17,0.0,16.09,16.49,0.4
2024-02-28,Technology,Copiers,South,545.43,72.27,0.1,13.25,12.17,1.08
2021-10-15,Office Supplies,Pens,West,174.0,21.7,0.1,12.47,12.09,0.38
2021-09-25,Furniture,Bookcases,South,14.39,-0.73,0.1,-5.07,-6.39,1.32
2023-08-13,Furniture,Tables,South,142.88,21.26,0.0,14.88,16.75,1.87
2024-07-20,Furniture,Storage,West,23.74,3.44,0.0,14.48,12.62,1.86
2023-04-14,Office Supplies,Labels,East,404.89,88.75,0.0,21.92,22.6,0.68
2023-10-28,Technology,Phones,Central,495.31,67.36,0.1,13.6,13.57,0.03
2024-01-14,Technology,Copiers,Central,171.07,22.68,0.1,13.26,12.58,0.68
2022-12-20,Office Supplies,Envelopes,West,1461.97,301.6,0.0,20.63,21.91,1.28
2022-10-15,Office Supplies,Pens,Central,179.8,18.16,0.2,10.1,10.65,0.55
2021-04-27,Technology,Accessories,West,168.78,-0.95,0.2,-0.56,0.0,0.56
2021-05-19,Office Supplies,Binders,South,311.1,61.26,0.0,19.69,19.93,0.24
2022-05-29,Technology,Accessories,West,1147.25,172.66,0.0,15.05,14.91,0.14
2021-08-28,Technology,Computers,Central,203.51,41.27,0.0,20.28,20.55,0.27
2022-05-20,Technology,Copiers,South,1050.36,-211.33,0.5,-20.12,-19.01,1.11
2023-05-07,Office Supplies,Paper,Central,364.56,30.59,0.2,8.39,7.62,0.77
2024-12-05,Office Supplies,Envelopes,South,283.62,70.14,0.0,24.73,24.55,0.18
2022-08-23,Office Supplies,Labels,East,15.73,3.35,0.0,21.28,21.95,0.67
2021-11-17,Technology,Computers,West,380.52,76.1,0.0,20.0,18.98,1.02
2023-09-30,Furniture,Chairs,Central,557.85,29.9,0.0,5.36,5.75,0.39
2022-10-27,Technology,Copiers,Central,123.43,19.0,0.0,15.39,14.71,0.68
2021-04-02,Technology,Computers,South,408.9,71.03,0.0,17.37,16.5,0.87
2022-08-06,Technology,Computers,South,346.26,71.85,0.0,20.75,21.21,0.46
2021-10-29,Furniture,Storage,Central,117.21,-15.46,0.3,-13.19,-14.15,0.96
2024-04-21,Office Supplies,Pens,South,494.87,62.01,0.1,12.53,11.12,1.41
2024-03-05,Technology,Phones,South,527.2,70.28,0.0,13.33,14.75,1.42
2024-11-21,Technology,Accessories,West,41.26,6.93,0.0,16.79,17.72,0.93
2024-03-22,Technology,Phones,South,865.01,-44.81,0.3,-5.18,-5.63,0.45
2024-11-02,Office Supplies,Pens,West,622.52,134.28,0.0,21.57,21.4,0.17
2023-03-17,Office Supplies,Labels,South,162.07,35.09,0.0,21.65,20.07,1.58
2021-12-18,Office Supplies,Envelopes,South,180.46,36.92,0.0,20.46,21.02,0.56
2023-06-09,Office Supplies,Paper,West,405.84,18.1,0.2,4.46,5.14,0.68
2023-12-15,Office Supplies,Paper,Central,812.21,-51.09,0.4,-6.29,-6.91,0.62
2024-11-26,Technology,Copiers,South,334.29,-25.74,0.4,-7.7,-9.09,1.39
2024-04-06,Office Supplies,Labels,Central,36.01,10.14,0.0,28.17,26.73,1.44
2023-07-04,Furniture,Storage,East,156.4,-43.82,0.4,-28.02,-28.34,0.32
2022-02-14,Furniture,Tables,East,119.25,-41.63,0.5,-34.91,-33.18,1.73
2021-06-07,Office Supplies,Binders,South,536.0,74.4,0.1,13.88,13.77,0.11
2024-11-18,Office Supplies,Paper,West,616.02,145.13,0.0,23.56,24.9,1.34
2022-08-14,Technology,Copiers,South,53.0,11.98,0.0,22.61,23.54,0.93
2021-06-17,Furniture,Chairs,East,164.64,22.0,0.0,13.36,13.8,0.44
2024-07-31,Office Supplies,Pens,Central,146.67,27.68,0.0,18.87,19.46,0.59
2024-11-06,Office Supplies,Envelopes,Central,383.45,99.93,0.0,26.06,25.59,0.47
2024-12-11,Furniture,Chairs,Central,394.02,-96.02,0.4,-24.37,-24.27,0.1
2022-02-25,Technology,Copiers,South,496.7,63.93,0.1,12.87,11.47,1.4
2021-12-18,Technology,Accessories,Central,22.35,3.51,0.0,15.7,15.24,0.46
2021-06-25,Technology,Phones,East,130.28,25.05,0.0,19.23,18.46,0.77
2021-04-07,Furniture,Chairs,East,124.24,-7.64,0.2,-6.15,-7.83,1.68
2022-09-28,Furniture,Bookcases,Central,811.65,99.26,0.0,12.23,11.74,0.49
2021-01-24,Technology,Accessories,West,119.33,23.38,0.0,19.59,18.93,0.66
2022-05-15,Technology,Copiers,South,43.66,0.22,0.2,0.5,-0.17,0.67
2021-10-24,Furniture,Bookcases,West,143.67,14.53,0.0,10.11,12.61,2.5
2024-08-20,Technology,Accessories,West,127.58,16.82,0.0,13.18,12.81,0.37
2023-09-05,Furniture,Storage,East,59.7,-7.9,0.2,-13.23,-14.15,0.92
2023-11-12,Technology,Phones,West,22.43,4.44,0.0,19.81,20.39,0.58
2021-05-05,Furniture,Storage,South,169.74,-20.69,0.3,-12.19,-11.7,0.49
2023-06-03,Office Supplies,Pens,East,705.33,174.08,0.0,24.68,23.01,1.67
2023-12-20,Technology,Copiers,West,367.25,72.61,0.0,19.77,22.31,2.54
2024-03-09,Office Supplies,Binders,West,291.56,71.52,0.0,24.53,25.13,0.6
2023-10-10,Technology,Copiers,West,15.44,3.01,0.0,19.5,19.51,0.01
2021-10-31,Technology,Phones,West,553.07,-32.24,0.3,-5.83,-5.7,0.13
2022-05-09,Technology,Accessories,East,99.94,0.41,0.2,0.41,-0.08,0.49
2024-10-12,Office Supplies,Pens,Central,297.49,-45.1,0.5,-15.16,-14.79,0.37
2023-03-05,Office Supplies,Pens,Central,34.58,7.06,0.0,20.41,19.36,1.05
2023-06-24,Technology,Computers,West,533.42,122.63,0.0,22.99,22.75,0.24
2022-05-05,Furniture,Chairs,West,260.62,14.46,0.0,5.55,5.02,0.53
2024-11-14,Technology,Phones,East,527.08,50.6,0.1,9.6,8.28,1.32
2021-10-16,Office Supplies,Envelopes,South,199.25,12.91,0.2,6.48,7.64,1.16
2021-01-16,Furniture,Bookcases,Central,678.11,-8.34,0.1,-1.23,-0.21,1.02
2021-06-15,Technology,Phones,South,442.68,51.13,0.1,11.55,12.82,1.27
2022-03-05,Technology,Phones,South,360.62,-13.63,0.2,-3.78,-1.42,2.36
2023-08-26,Office Supplies,Pens,South,267.05,27.05,0.1,10.13,10.19,0.06
2021-05-12,Technology,Computers,Central,212.9,-40.64,0.5,-19.09,-20.79,1.7
2022-02-07,Office Supplies,Labels,East,1057.57,4.34,0.2,0.41,1.43,1.02
2024-04-30,Office Supplies,Labels,West,124.38,-4.02,0.3,-3.23,-2.24,0.99
2024-12-02,Furniture,Bookcases,West,92.93,-2.55,0.1,-2.74,-4.87,2.13
2021-08-31,Office Supplies,Pens,Central,439.73,-48.37,0.4,-11.0,-10.29,0.71
2021-06-20,Technology,Accessories,South,264.47,44.48,0.0,16.82,16.06,0.76
2022-09-06,Technology,Phones,South,625.56,112.23,0.0,17.94,16.2,1.74
2021-10-29,Technology,Accessories,South,16.71,-0.46,0.2,-2.74,-3.33,0.59
2022-02-11,Technology,Copiers,West,100.36,6.8,0.1,6.78,5.99,0.79
2021-10-16,Office Supplies,Binders,Central,403.56,-37.65,0.4,-9.33,-8.95,0.38
2023-07-22,Technology,Copiers,South,417.49,10.9,0.2,2.61,4.21,1.6
2022-10-10,Technology,Computers,West,182.22,14.29,0.1,7.84,6.92,0.92
2021-08-16,Technology,Copiers,South,393.24,25.6,0.2,6.51,6.63,0.12
2024-01-24,Technology,Computers,West,95.48,-12.92,0.4,-13.53,-13.22,0.31
2022-11-16,Office Supplies,Labels,West,89.03,18.74,0.0,21.05,21.32,0.27
2021-02-02,Technology,Computers,Central,111.71,16.48,0.0,14.75,14.53,0.22
2022-02-25,Office Supplies,Envelopes,Central,121.03,29.43,0.0,24.32,24.5,0.18
2022-01-20,Technology,Accessories,East,190.49,-14.29,0.3,-7.5,-10.09,2.59
2023-02-24,Office Supplies,Labels,West,190.62,25.26,0.1,13.25,12.09,1.16
2023-04-23,Technology,Accessories,South,159.11,-3.71,0.2,-2.33,-4.03,1.7
2023-05-06,Furniture,Bookcases,South,53.94,-6.93,0.3,-12.85,-12.93,0.08
2024-03-17,Technology,Computers,East,598.41,78.39,0.1,13.1,12.56,0.54
2022-08-27,Office Supplies,Envelopes,West,40.17,-3.71,0.4,-9.24,-9.94,0.7
2023-08-28,Furniture,Tables,South,258.36,12.92,0.0,5.0,4.13,0.87
2022-12-14,Office Supplies,Binders,West,355.45,16.49,0.2,4.64,4.42,0.22
2022-01-28,Technology,Accessories,Central,106.23,14.3,0.0,13.46,12.66,0.8
2021-11-12,Office Supplies,Paper,West,103.6,18.82,0.0,18.17,19.16,0.99
2024-06-29,Furniture,Bookcases,Central,658.89,14.36,0.0,2.18,-0.2,2.38
2023-05-29,Technology,Phones,West,241.6,46.7,0.0,19.33,18.67,0.66
2023-08-15,Technology,Accessories,West,244.82,26.61,0.1,10.87,8.72,2.15
2023-07-10,Furniture,Chairs,Central,429.28,-69.11,0.3,-16.1,-15.05,1.05
2024-12-21,Office Supplies,Binders,South,316.7,1.49,0.3,0.47,0.31,0.16
2023-07-30,Furniture,Bookcases,East,160.5,-51.01,0.5,-31.78,-30.16,1.62
2024-06-13,Technology,Phones,South,69.54,3.78,0.1,5.43,6.14,0.71
2022-02-27,Office Supplies,Pens,East,346.46,75.29,0.0,21.73,21.28,0.45
2022-09-13,Office Supplies,Pens,Central,193.21,18.35,0.2,9.5,9.87,0.37
2023-05-10,Technology,Copiers,West,251.89,28.67,0.1,11.38,11.17,0.21
2022-06-27,Furniture,Storage,West,75.8,1.0,0.1,1.32,-0.11,1.43
2024-11-22,Technology,Copiers,South,691.89,124.13,0.0,17.94,18.56,0.62
2021-09-17,Office Supplies,Pens,West,216.73,41.83,0.1,19.3,19.8,0.5
2021-02-20,Office Supplies,Paper,East,29.72,9.18,0.0,30.88,31.68,0.8
2023-06-05,Office Supplies,Paper,Central,381.29,47.85,0.1,12.55,13.01,0.46
2023-02-04,Furniture,Tables,South,171.66,-9.17,0.2,-5.34,-6.93,1.59
2024-11-06,Furniture,Storage,West,101.88,15.61,0.0,15.32,15.76,0.44
2023-12-29,Office Supplies,Binders,South,139.17,10.92,0.2,7.85,9.03,1.18
2022-02-27,Technology,Accessories,South,219.88,45.19,0.0,20.55,21.17,0.62
2024-04-17,Furniture,Storage,West,417.28,-61.21,0.3,-14.67,-14.94,0.27
2023-08-30,Technology,Computers,Central,399.12,-50.97,0.4,-12.77,-11.67,1.1
2022-07-18,Furniture,Storage,Central,68.11,-6.06,0.2,-8.9,-10.53,1.63
2022-09-04,Office Supplies,Envelopes,East,35.01,9.48,0.0,27.08,28.63,1.55
2022-12-03,Furniture,Bookcases,East,407.36,49.25,0.0,12.09,12.7,0.61
2024-10-30,Technology,Accessories,Central,292.26,46.41,0.0,15.88,15.34,0.54
2021-06-15,Furniture,Bookcases,South,155.86,-5.13,0.2,-3.29,-3.84,0.55
2021-07-05,Furniture,Storage,Central,696.72,67.72,0.0,9.72,10.32,0.6
2023-02-21,Furniture,Chairs,West,724.54,-127.95,0.3,-17.66,-17.67,0.01
2021-07-28,Furniture,Chairs,South,1101.37,65.42,0.0,5.94,7.1,1.16
2022-05-14,Furniture,Chairs,West,181.73,-0.45,0.1,-0.25,-0.32,0.07
2021-08-19,Technology,Copiers,East,306.3,21.17,0.0,6.91,6.99,0.08
2024-01-27,Technology,Accessories,South,99.63,9.11,0.1,9.14,10.29,1.15
2023-08-14,Furniture,Storage,South,78.1,-1.01,0.1,-1.29,-0.33,0.96
2022-03-17,Technology,Accessories,South,123.08,14.66,0.1,11.91,10.59,1.32
2022-05-16,Office Supplies,Paper,South,325.2,57.27,0.0,17.61,16.94,0.67
2024-02-18,Office Supplies,Paper,Central,339.56,84.14,0.0,24.78,24.13,0.65
2023-08-18,Technology,Copiers,West,586.49,109.61,0.0,18.69,18.81,0.12
2024-09-05,Technology,Copiers,West,28.98,1.88,0.1,6.5,6.49,0.01
2023-01-09,Furniture,Tables,South,82.34,11.31,0.0,13.74,14.9,1.16
2021-10-21,Furniture,Tables,South,469.63,-64.15,0.3,-13.66,-13.14,0.52
2024-08-31,Technology,Phones,Central,314.33,3.77,0.2,1.2,1.02,0.18
2023-05-05,Furniture,Bookcases,Central,39.91,1.69,0.0,4.24,3.68,0.56
2022-08-07,Furniture,Chairs,West,746.57,-2.46,0.1,-0.33,-1.01,0.68
2021-04-20,Furniture,Tables,Central,1190.75,28.1,0.1,2.36,0.58,1.78
2023-02-15,Office Supplies,Envelopes,West,61.64,13.51,0.0,21.91,21.81,0.1
2021-11-11,Furniture,Tables,West,307.24,4.02,0.1,1.31,1.64,0.33
2023-02-09,Furniture,Bookcases,West,226.51,-22.31,0.3,-9.85,-11.48,1.63
2022-06-06,Office Supplies,Pens,West,327.52,56.76,0.1,17.33,17.63,0.3
2023-07-29,Office Supplies,Envelopes,West,87.41,21.97,0.0,25.14,26.74,1.6
2022-01-24,Technology,Copiers,South,146.93,7.24,0.2,4.93,4.34,0.59
2021-09-06,Office Supplies,Labels,Central,1314.75,156.32,0.1,11.89,10.35,1.54
2023-06-09,Furniture,Bookcases,East,134.29,14.64,0.0,10.9,11.3,0.4
2023-08-24,Office Supplies,Envelopes,Central,229.88,32.39,0.1,14.09,13.83,0.26
2023-06-07,Technology,Phones,Central,72.03,11.35,0.1,15.76,16.29,0.53
2023-07-29,Furniture,Tables,West,178.43,6.46,0.1,3.62,2.68,0.94
2023-10-14,Technology,Accessories,West,323.83,3.95,0.2,1.22,1.25,0.03
2023-09-20,Furniture,Bookcases,South,359.65,22.84,0.1,6.35,5.73,0.62
2023-04-02,Office Supplies,Envelopes,South,40.47,-4.7,0.4,-11.61,-10.37,1.24
2023-02-16,Technology,Computers,Central,96.62,2.49,0.2,2.58,3.72,1.14
2021-05-03,Technology,Copiers,West,216.82,15.98,0.1,7.37,5.96,1.41
2022-03-04,Technology,Phones,West,38.33,2.38,0.2,6.21,7.87,1.66
2022-07-12,Furniture,Bookcases,Central,625.65,3.32,0.1,0.53,-1.4,1.93
2023-03-30,Furniture,Tables,Central,50.09,2.57,0.0,5.13,4.31,0.82
2021-11-06,Technology,Copiers,East,391.42,76.01,0.0,19.42,20.12,0.7
2022-08-03,Furniture,Storage,West,1129.79,74.23,0.0,6.57,6.53,0.04
2024-05-11,Furniture,Storage,South,1447.43,-376.77,0.4,-26.03,-26.37,0.34
2024-09-08,Office Supplies,Binders,West,597.98,119.84,0.0,20.04,19.43,0.61
2022-02-08,Technology,Copiers,South,416.24,13.61,0.2,3.27,2.85,0.42
2023-08-22,Office Supplies,Pens,West,594.86,113.38,0.0,19.06,19.1,0.04
2023-12-25,Office Supplies,Paper,South,232.23,52.3,0.0,22.52,22.89,0.37
2024-12-01,Technology,Computers,Central,431.88,74.02,0.0,17.14,16.11,1.03
2023-01-20,Office Supplies,Labels,South,180.2,49.9,0.0,27.69,27.58,0.11
2023-02-03,Technology,Copiers,South,735.33,-9.78,0.3,-1.33,-1.22,0.11
2024-03-30,Office Supplies,Pens,Central,387.81,76.48,0.0,19.72,19.27,0.45
2021-03-03,Technology,Phones,West,102.61,0.15,0.2,0.15,0.87,0.72
2022-09-18,Office Supplies,Envelopes,Central,319.76,39.04,0.1,12.21,10.76,1.45
2023-11-03,Office Supplies,Labels,South,159.74,-7.46,0.4,-4.67,-6.15,1.48
2023-03-18,Technology,Phones,South,421.28,53.21,0.1,12.63,11.9,0.73
2023-05-21,Furniture,Bookcases,East,482.94,39.46,0.0,8.17,8.88,0.71
2022-08-21,Furniture,Tables,West,407.19,-13.6,0.1,-3.34,-5.08,1.74
2022-03-30,Furniture,Bookcases,West,71.5,-4.68,0.2,-6.54,-5.44,1.1
2023-07-21,Technology,Computers,Central,288.62,12.79,0.2,4.43,4.24,0.19
2021-07-12,Office Supplies,Binders,South,215.88,33.85,0.0,15.68,16.17,0.49
2021-12-05,Office Supplies,Labels,South,19.72,3.83,0.0,19.44,18.8,0.64
2023-09-09,Office Supplies,Labels,South,24.69,5.14,0.0,20.81,20.4,0.41
2024-10-12,Technology,Computers,South,401.11,80.86,0.0,20.16,21.98,1.82
2023-10-21,Office Supplies,Envelopes,East,634.34,67.05,0.1,10.57,10.25,0.32
2022-04-26,Furniture,Bookcases,Central,272.41,-68.02,0.4,-24.97,-25.04,0.07
2023-02-16,Office Supplies,Pens,East,572.32,129.06,0.0,22.55,21.72,0.83
2021-06-25,Furniture,Bookcases,Central,218.81,-10.72,0.1,-4.9,-5.25,0.35
2021-01-28,Office Supplies,Pens,South,799.05,93.33,0.1,11.68,13.05,1.37
2023-10-25,Office Supplies,Envelopes,Central,361.32,91.31,0.0,25.27,26.34,1.07
2024-04-30,Technology,Computers,East,188.25,35.33,0.0,18.77,17.05,1.72
2024-02-06,Office Supplies,Envelopes,West,451.97,90.48,0.0,20.02,19.51,0.51
2024-01-23,Furniture,Storage,Central,453.86,-13.62,0.1,-3.0,-3.53,0.53
2023-02-01,Office Supplies,Pens,South,108.61,20.61,0.0,18.98,17.86,1.12
2021-04-27,Office Supplies,Labels,South,132.92,27.55,0.0,20.73,20.77,0.04
2022-11-14,Technology,Copiers,East,533.44,-12.43,0.3,-2.33,-0.72,1.61
2024-10-17,Office Supplies,Envelopes,East,225.25,47.55,0.1,21.11,22.51,1.4
2022-05-13,Technology,Phones,West,15.4,1.23,0.1,7.98,8.79,0.81
2022-01-28,Technology,Computers,South,445.22,41.14,0.1,9.24,10.18,0.94
2024-03-21,Technology,Computers,South,379.63,57.89,0.0,15.25,15.38,0.13
2024-12-15,Technology,Copiers,Central,141.95,25.45,0.0,17.93,20.35,2.42
2024-03-28,Office Supplies,Pens,East,865.75,35.93,0.2,4.15,3.04,1.11
2021-09-12,Office Supplies,Binders,Central,236.58,62.01,0.0,26.21,25.38,0.83
2024-01-18,Furniture,Tables,East,195.39,-8.56,0.2,-4.38,-4.23,0.15
2022-08-17,Furniture,Storage,Central,288.06,-54.44,0.3,-18.9,-20.53,1.63
2024-06-01,Office Supplies,Paper,South,637.26,134.14,0.0,21.05,21.36,0.31
2021-04-12,Technology,Computers,Central,46.13,4.4,0.1,9.53,9.6,0.07
2021-10-07,Furniture,Bookcases,East,501.32,-18.95,0.2,-3.78,-3.37,0.41
2024-07-03,Office Supplies,Labels,South,33.57,6.61,0.0,19.68,21.35,1.67
2024-07-03,Office Supplies,Binders,Central,117.28,18.64,0.1,15.89,13.65,2.24
2021-05-18,Office Supplies,Labels,East,134.26,36.13,0.0,26.91,27.51,0.6
2022-08-01,Furniture,Bookcases,West,443.49,1.02,0.1,0.23,-0.86,1.09
2021-12-06,Office Supplies,Pens,Central,256.22,53.86,0.0,21.02,19.85,1.17
2021-03-28,Technology,Copiers,West,282.37,48.71,0.0,17.25,17.36,0.11
2023-01-26,Office Supplies,Labels,South,32.05,4.68,0.1,14.6,12.88,1.72
2022-02-04,Technology,Copiers,Central,297.21,47.43,0.0,15.96,16.05,0.09
2023-10-14,Office Supplies,Pens,West,335.11,-55.19,0.5,-16.47,-18.06,1.59
2024-11-20,Furniture,Tables,South,192.81,13.38,0.0,6.94,7.12,0.18
2022-10-17,Technology,Accessories,South,1067.76,-16.44,0.2,-1.54,-2.69,1.15
2024-06-26,Furniture,Tables,South,72.82,-13.16,0.3,-18.07,-19.47,1.4
2022-10-31,Technology,Phones,Central,33.66,-1.33,0.2,-3.95,-5.87,1.92
2022-11-10,Technology,Phones,East,790.25,-163.9,0.4,-20.74,-20.54,0.2
2021-04-24,Furniture,Chairs,Central,123.85,-4.37,0.1,-3.53,-1.88,1.65
2024-08-05,Furniture,Chairs,East,45.72,5.34,0.0,11.69,12.15,0.46
2021-03-05,Office Supplies,Binders,East,71.86,15.86,0.0,22.07,19.79,2.28
2021-04-19,Technology,Phones,East,545.12,32.22,0.1,5.91,6.3,0.39
2022-07-06,Furniture,Chairs,South,228.11,-13.09,0.2,-5.74,-5.64,0.1
2024-10-31,Furniture,Bookcases,Central,17.72,1.07,0.0,6.03,6.16,0.13
2022-02-08,Office Supplies,Paper,Central,528.67,127.52,0.0,24.12,22.84,1.28
2021-04-20,Furniture,Tables,South,126.73,-9.47,0.2,-7.47,-7.02,0.45
2024-05-18,Technology,Copiers,South,39.77,-8.97,0.5,-22.56,-21.97,0.59
2021-09-30,Technology,Accessories,Central,311.74,7.05,0.2,2.26,1.82,0.44
2022-10-21,Office Supplies,Envelopes,South,62.09,11.02,0.0,17.75,15.95,1.8
2023-01-11,Office Supplies,Binders,Central,133.72,24.04,0.0,17.98,18.83,0.85
2022-07-08,Furniture,Chairs,East,546.53,49.35,0.0,9.03,10.95,1.92
2021-05-30,Furniture,Chairs,East,674.91,-7.29,0.1,-1.08,0.11,1.19
2022-01-04,Furniture,Chairs,Central,358.82,20.24,0.0,5.64,6.13,0.49
2022-06-04,Office Supplies,Paper,East,106.17,13.72,0.1,12.92,11.7,1.22
2022-07-03,Technology,Computers,East,51.04,-1.26,0.2,-2.47,-3.12,0.65
2024-02-25,Furniture,Chairs,East,26.98,2.19,0.0,8.13,9.02,0.89
2021-10-27,Furniture,Tables,Central,328.13,-26.51,0.2,-8.08,-6.72,1.36
2024-05-26,Furniture,Storage,West,199.08,2.71,0.1,1.36,1.31,0.05
2021-04-15,Technology,Computers,East,847.84,10.6,0.2,1.25,-0.09,1.34
2021-03-11,Technology,Phones,West,156.54,32.84,0.0,20.98,21.23,0.25
2022-02-07,Technology,Copiers,Central,566.37,19.94,0.2,3.52,3.27,0.25
2023-01-02,Technology,Accessories,East,15.61,1.55,0.1,9.96,9.54,0.42
2024-12-12,Furniture,Tables,South,222.69,25.77,0.0,11.57,11.27,0.3
2023-01-29,Technology,Phones,West,111.62,17.4,0.0,15.59,14.86,0.73
2022-08-08,Furniture,Bookcases,East,707.21,-172.84,0.4,-24.44,-24.17,0.27
2023-04-26,Office Supplies,Pens,West,285.08,61.66,0.0,21.63,21.01,0.62
2022-08-05,Furniture,Chairs,Central,192.27,-21.71,0.2,-11.29,-11.65,0.36
2021-02-05,Furniture,Bookcases,South,31.37,0.09,0.1,0.3,-1.77,2.07
2022-01-10,Technology,Computers,South,16.26,-3.43,0.4,-21.1,-22.12,1.02
2022-09-16,Technology,Computers,South,1035.32,137.18,0.1,13.25,12.92,0.33
2021-10-19,Office Supplies,Pens,South,232.06,41.91,0.0,18.06,17.62,0.44
2021-11-15,Office Supplies,Pens,West,219.24,-29.49,0.4,-13.45,-13.45,0.0
2022-02-01,Technology,Computers,South,87.02,4.79,0.1,5.5,5.49,0.01
2021-07-21,Technology,Accessories,South,451.02,58.54,0.1,12.98,13.88,0.9
2022-01-27,Furniture,Storage,South,252.7,-0.93,0.1,-0.37,-1.45,1.08
2021-01-27,Office Supplies,Envelopes,South,468.27,50.67,0.2,10.82,11.72,0.9
2024-04-29,Office Supplies,Pens,East,448.57,78.77,0.1,17.56,14.71,2.85
2022-12-20,Office Supplies,Paper,South,481.72,94.95,0.0,19.71,19.41,0.3
2021-08-03,Office Supplies,Envelopes,East,104.2,25.28,0.0,24.26,24.39,0.13
2024-12-10,Office Supplies,Binders,Central,657.73,170.35,0.0,25.9,26.57,0.67
2022-11-10,Office Supplies,Paper,West,134.11,34.99,0.0,26.09,25.73,0.36
2023-10-13,Furniture,Bookcases,South,162.8,-19.31,0.2,-11.86,-13.48,1.62
2021-01-02,Technology,Phones,South,40.13,0.47,0.2,1.17,1.26,0.09
2023-04-17,Technology,Phones,South,228.57,41.85,0.0,18.31,16.58,1.73
2024-11-19,Technology,Copiers,West,129.0,26.14,0.0,20.26,19.54,0.72
2024-12-11,Furniture,Tables,West,256.21,-14.89,0.2,-5.81,-4.42,1.39
2024-07-05,Office Supplies,Binders,South,334.86,71.26,0.0,21.28,20.8,0.48
2024-01-02,Office Supplies,Envelopes,West,195.07,50.52,0.0,25.9,24.5,1.4
2022-08-05,Furniture,Tables,South,1568.19,-492.73,0.5,-31.42,-30.44,0.98
2023-12-02,Technology,Copiers,East,167.96,-11.54,0.3,-6.87,-6.43,0.44
2024-05-23,Office Supplies,Paper,East,114.46,6.09,0.2,5.32,4.38,0.94
2022-12-04,Office Supplies,Pens,West,220.22,20.3,0.2,9.22,9.44,0.22
2023-03-28,Furniture,Tables,South,132.83,3.93,0.0,2.96,1.71,1.25
2024-08-22,Furniture,Storage,East,364.24,14.5,0.0,3.98,3.66,0.32
2021-05-10,Office Supplies,Envelopes,East,228.22,53.31,0.0,23.36,22.04,1.32
2023-04-02,Technology,Copiers,East,462.29,26.63,0.2,5.76,6.05,0.29
2021-09-26,Furniture,Chairs,South,26.94,-2.06,0.2,-7.65,-7.5,0.15
2021-05-27,Office Supplies,Labels,South,36.41,0.34,0.3,0.93,1.86,0.93
2022-11-23,Furniture,Chairs,West,84.63,-14.92,0.3,-17.63,-16.09,1.54
2023-04-27,Technology,Computers,West,136.26,-18.12,0.4,-13.3,-12.56,0.74
2021-06-28,Office Supplies,Binders,South,40.59,3.29,0.2,8.11,8.03,0.08
2023-02-01,Technology,Copiers,Central,724.75,122.05,0.0,16.84,16.87,0.03
2021-01-05,Technology,Computers,Central,38.9,3.63,0.1,9.34,9.02,0.32
2021-10-18,Office Supplies,Paper,East,300.19,70.78,0.0,23.58,24.55,0.97
2022-10-05,Technology,Copiers,South,97.71,17.84,0.0,18.26,16.5,1.76
2023-12-20,Office Supplies,Paper,Central,156.88,32.35,0.0,20.62,19.6,1.02
2024-06-05,Technology,Accessories,West,480.66,-96.08,0.5,-19.99,-19.28,0.71
2022-05-07,Furniture,Storage,South,411.37,-6.79,0.1,-1.65,-2.56,0.91
2022-12-10,Furniture,Bookcases,Central,953.91,38.54,0.0,4.04,3.8,0.24
2022-10-03,Technology,Computers,Central,297.16,69.59,0.0,23.42,24.29,0.87
2022-04-20,Technology,Accessories,East,255.09,44.33,0.0,17.38,18.7,1.32
2022-09-28,Furniture,Bookcases,West,719.69,-105.36,0.3,-14.64,-15.41,0.77
2022-11-27,Technology,Copiers,Central,150.35,28.82,0.0,19.17,18.0,1.17
2023-12-01,Office Supplies,Binders,East,319.74,23.47,0.2,7.34,7.64,0.3
2021-09-16,Furniture,Bookcases,East,219.88,15.79,0.0,7.18,6.72,0.46
2023-04-26,Office Supplies,Envelopes,South,13.64,2.57,0.0,18.83,19.8,0.97
2022-05-19,Office Supplies,Binders,West,1267.35,-13.94,0.3,-1.1,-0.36,0.74
2021-01-17,Office Supplies,Labels,West,450.89,-5.95,0.3,-1.32,-1.31,0.01
2024-08-12,Furniture,Tables,Central,443.3,-37.77,0.2,-8.52,-7.16,1.36
2024-08-28,Technology,Copiers,South,54.17,10.53,0.0,19.43,18.97,0.46
2023-08-13,Technology,Phones,East,21.54,1.8,0.1,8.35,7.93,0.42
2023-02-03,Furniture,Storage,West,417.5,-77.32,0.3,-18.52,-18.89,0.37
2023-08-16,Furniture,Bookcases,Central,27.56,-7.7,0.5,-27.94,-25.84,2.1
2022-05-24,Office Supplies,Binders,East,29.55,5.32,0.0,17.99,19.06,1.07
2022-01-28,Technology,Accessories,East,1019.54,74.43,0.1,7.3,6.23,1.07
2021-11-22,Furniture,Storage,Central,298.35,-84.16,0.5,-28.21,-29.22,1.01
2021-05-18,Office Supplies,Binders,Central,125.53,27.34,0.0,21.78,23.67,1.89
2021-10-21,Office Supplies,Binders,East,422.32,-53.25,0.4,-12.61,-10.66,1.95
2023-09-18,Technology,Accessories,South,49.48,6.6,0.1,13.34,13.77,0.43
2024-02-13,Office Supplies,Paper,West,200.07,-10.14,0.4,-5.07,-6.42,1.35
2022-02-14,Furniture,Bookcases,South,595.48,42.52,0.0,7.14,7.57,0.43
2024-03-29,Technology,Copiers,South,146.83,14.11,0.1,9.61,8.53,1.08
2022-05-19,Furniture,Storage,Central,159.11,-39.24,0.4,-24.66,-25.67,1.01
2024-06-10,Furniture,Chairs,East,16.43,0.04,0.0,0.25,-0.58,0.83
2022-11-18,Office Supplies,Paper,Central,177.29,15.5,0.2,8.74,9.9,1.16
2023-07-10,Technology,Accessories,East,316.54,29.72,0.1,9.39,9.21,0.18
2024-01-19,Technology,Copiers,East,668.5,123.87,0.0,18.53,18.88,0.35
2021-08-22,Office Supplies,Pens,East,230.98,43.33,0.0,18.76,17.58,1.18
2024-05-27,Technology,Copiers,Central,320.32,14.25,0.2,4.45,1.02,3.43
2023-03-03,Office Supplies,Paper,East,720.47,10.74,0.2,1.49,2.49,1.0
2023-09-09,Furniture,Bookcases,Central,109.78,7.26,0.0,6.61,8.86,2.25
2022-11-23,Furniture,Chairs,West,101.04,2.62,0.1,2.59,2.18,0.41
2022-06-17,Furniture,Storage,West,36.27,2.59,0.0,7.15,7.1,0.05
2024-12-07,Furniture,Chairs,Central,203.61,18.98,0.0,9.32,8.8,0.52
2021-01-18,Furniture,Tables,West,97.47,9.73,0.0,9.98,9.83,0.15
2023-09-04,Furniture,Tables,East,629.98,72.2,0.0,11.46,12.62,1.16
2023-06-12,Technology,Accessories,East,37.78,-4.02,0.4,-10.63,-11.13,0.5
2024-04-27,Office Supplies,Labels,East,37.84,-1.15,0.4,-3.03,-3.4,0.37
2023-09-02,Technology,Computers,South,273.84,-46.88,0.5,-17.12,-17.41,0.29
2023-02-02,Technology,Phones,South,177.52,26.56,0.0,14.96,15.3,0.34
2023-03-06,Furniture,Bookcases,West,268.14,25.66,0.0,9.57,10.16,0.59
2021-04-24,Furniture,Tables,Central,412.38,-76.33,0.3,-18.51,-19.91,1.4
2024-11-26,Technology,Computers,West,725.9,124.71,0.0,17.18,17.77,0.59
2023-03-21,Technology,Phones,West,74.26,13.12,0.0,17.67,18.34,0.67
2021-12-06,Technology,Accessories,West,73.52,6.26,0.1,8.52,7.04,1.48
2021-02-25,Office Supplies,Envelopes,West,112.79,2.18,0.2,1.93,0.74,1.19
2023-12-16,Office Supplies,Binders,East,1919.18,73.5,0.2,3.83,2.25,1.58
2024-09-16,Technology,Computers,West,376.03,-58.4,0.4,-15.53,-18.33,2.8
2022-11-18,Furniture,Bookcases,East,237.38,25.83,0.0,10.88,10.1,0.78
2024-07-08,Technology,Accessories,West,472.79,88.84,0.0,18.79,18.01,0.78
2022-05-09,Office Supplies,Pens,South,154.9,24.74,0.0,15.97,15.29,0.68
2022-12-22,Technology,Copiers,Central,714.51,73.59,0.1,10.3,10.29,0.01
2022-05-21,Furniture,Tables,West,93.52,-9.71,0.2,-10.38,-8.47,1.91
2023-08-02,Office Supplies,Pens,South,51.94,-9.18,0.5,-17.68,-16.68,1.0
2021-09-08,Furniture,Tables,Central,221.16,-43.15,0.2,-19.51,-18.27,1.24
2023-05-13,Technology,Copiers,Central,75.32,-17.64,0.5,-23.42,-24.13,0.71
2023-03-20,Furniture,Storage,Central,610.73,-16.86,0.1,-2.76,-3.37,0.61
2023-12-25,Furniture,Bookcases,Central,318.8,-1.53,0.1,-0.48,-2.25,1.77
2021-05-02,Technology,Phones,East,560.62,96.59,0.0,17.23,17.48,0.25
2022-09-25,Technology,Computers,Central,1390.97,-1.39,0.2,-0.1,1.37,1.47
2022-01-23,Office Supplies,Labels,South,812.35,25.43,0.2,3.13,2.7,0.43
2022-06-25,Office Supplies,Pens,West,349.11,31.73,0.1,9.09,8.82,0.27
2024-10-07,Technology,Phones,West,175.82,27.71,0.1,15.76,15.96,0.2
2023-09-24,Technology,Copiers,Central,26.05,3.44,0.1,13.2,13.59,0.39
2022-06-03,Furniture,Bookcases,East,181.51,14.41,0.0,7.94,7.29,0.65
2021-06-01,Office Supplies,Binders,Central,97.24,14.17,0.1,14.57,13.82,0.75
2022-03-20,Furniture,Storage,East,238.82,30.4,0.0,12.73,13.48,0.75
2022-09-23,Furniture,Storage,East,277.56,30.75,0.0,11.08,10.45,0.63
2021-09-02,Technology,Computers,Central,316.13,64.11,0.0,20.28,19.67,0.61
2023-12-17,Technology,Phones,Central,322.34,40.0,0.1,12.41,14.6,2.19
2022-10-13,Furniture,Storage,South,284.23,-89.11,0.5,-31.35,-31.16,0.19
2022-09-17,Office Supplies,Labels,East,19.38,1.24,0.2,6.39,5.8,0.59
2021-04-07,Technology,Phones,Central,972.47,109.89,0.1,11.3,11.73,0.43
2022-09-28,Technology,Copiers,West,717.34,53.94,0.1,7.52,7.03,0.49
2021-03-10,Office Supplies,Pens,Central,425.87,57.58,0.1,13.52,13.28,0.24
2022-05-17,Technology,Copiers,West,245.54,36.19,0.0,14.74,13.91,0.83
2024-06-03,Office Supplies,Paper,South,86.42,24.25,0.0,28.06,27.39,0.67
2023-02-13,Furniture,Storage,Central,168.21,-40.79,0.5,-24.25,-25.58,1.33
2023-04-03,Furniture,Storage,West,126.15,9.9,0.0,7.85,8.91,1.06
2023-06-09,Technology,Accessories,East,97.92,-4.59,0.3,-4.69,-2.86,1.83
2022-04-20,Furniture,Tables,South,258.9,19.57,0.0,7.56,7.96,0.4
2024-07-24,Furniture,Bookcases,West,997.94,111.77,0.0,11.2,9.96,1.24
2024-06-30,Office Supplies,Pens,West,138.44,33.7,0.0,24.34,24.36,0.02
2024-11-05,Furniture,Chairs,Central,142.78,14.89,0.0,10.43,10.66,0.23
2023-06-21,Furniture,Chairs,South,385.89,61.9,0.0,16.04,15.66,0.38
2024-01-08,Office Supplies,Labels,South,147.81,32.22,0.0,21.8,22.35,0.55
2023-02-11,Technology,Copiers,Central,65.14,3.21,0.1,4.93,4.83,0.1
2022-07-13,Furniture,Tables,East,676.17,-103.45,0.3,-15.3,-14.14,1.16
2024-07-11,Office Supplies,Paper,South,187.24,22.69,0.1,12.12,12.08,0.04
2022-08-27,Furniture,Storage,West,174.81,-15.07,0.2,-8.62,-8.74,0.12
2022-10-01,Office Supplies,Binders,Central,400.27,96.75,0.0,24.17,23.36,0.81
2021-12-28,Office Supplies,Envelopes,South,72.55,17.3,0.0,23.84,23.81,0.03
2022-03-27,Furniture,Chairs,West,42.95,4.15,0.0,9.66,9.22,0.44
2021-04-15,Furniture,Storage,East,51.18,4.43,0.0,8.66,8.84,0.18
2024-12-04,Office Supplies,Envelopes,East,148.95,27.27,0.0,18.31,18.1,0.21
2023-03-22,Furniture,Chairs,Central,305.42,-7.21,0.1,-2.36,-2.03,0.33
2024-10-19,Office Supplies,Binders,East,53.94,-2.24,0.3,-4.15,-5.41,1.26
2023-12-04,Office Supplies,Paper,East,129.73,27.61,0.0,21.28,21.53,0.25
2023-06-11,Technology,Accessories,West,311.54,60.16,0.0,19.31,19.91,0.6
2022-07-30,Technology,Phones,Central,207.39,3.98,0.2,1.92,0.75,1.17
2024-07-04,Office Supplies,Envelopes,West,88.02,18.17,0.1,20.64,19.29,1.35
2023-08-09,Office Supplies,Binders,West,14.65,2.55,0.1,17.42,19.51,2.09
2021-09-29,Technology,Phones,East,19.33,3.12,0.0,16.16,16.16,0.0
2023-05-08,Technology,Phones,West,376.27,73.79,0.0,19.61,20.82,1.21
2021-01-04,Technology,Computers,East,86.4,-14.96,0.5,-17.31,-17.33,0.02
2022-12-05,Office Supplies,Labels,South,63.79,5.15,0.1,8.07,8.01,0.06
2024-02-23,Technology,Accessories,Central,394.51,60.04,0.0,15.22,16.51,1.29
2022-01-04,Technology,Copiers,West,378.55,14.27,0.2,3.77,2.73,1.04
2023-05-19,Furniture,Chairs,West,320.52,6.38,0.1,1.99,2.03,0.04
2023-07-30,Office Supplies,Paper,Central,113.29,26.56,0.0,23.44,24.82,1.38
2021-08-16,Furniture,Chairs,Central,98.78,8.34,0.0,8.44,8.93,0.49
2023-01-10,Technology,Copiers,South,178.5,19.94,0.1,11.17,10.44,0.73
2022-06-15,Technology,Accessories,West,582.83,50.65,0.1,8.69,8.38,0.31
2024-02-02,Technology,Computers,East,487.86,58.74,0.0,12.04,13.35,1.31
2021-07-13,Furniture,Storage,West,491.44,-13.37,0.1,-2.72,-2.61,0.11
2023-07-03,Office Supplies,Paper,East,843.35,126.0,0.0,14.94,14.96,0.02
2023-06-04,Technology,Copiers,West,254.12,6.99,0.2,2.75,2.46,0.29
2021-10-14,Furniture,Storage,West,47.0,-1.94,0.2,-4.13,-4.4,0.27
2023-05-05,Furniture,Chairs,South,233.4,19.89,0.0,8.52,7.9,0.62
2024-09-22,Furniture,Tables,West,118.77,-3.3,0.1,-2.78,-2.68,0.1
2024-01-09,Office Supplies,Paper,West,253.47,38.76,0.1,15.29,13.95,1.34
2021-08-12,Technology,Computers,West,34.98,-0.76,0.3,-2.18,-3.76,1.58
2023-02-25,Technology,Computers,South,52.46,-6.41,0.4,-12.21,-11.14,1.07
2024-03-24,Furniture,Storage,West,62.44,-5.49,0.2,-8.79,-10.07,1.28
2023-06-09,Technology,Accessories,East,597.8,107.36,0.0,17.96,16.98,0.98
2022-08-29,Furniture,Bookcases,South,1071.9,-86.07,0.2,-8.03,-8.31,0.28
2024-02-06,Furniture,Bookcases,Central,173.57,-6.4,0.1,-3.69,-4.23,0.54
2022-03-31,Technology,Accessories,East,714.35,161.09,0.0,22.55,23.7,1.15
2024-12-04,Furniture,Bookcases,West,903.78,-125.17,0.3,-13.85,-14.11,0.26
2023-10-23,Office Supplies,Envelopes,East,452.93,95.79,0.0,21.15,22.2,1.05
2024-09-14,Furniture,Tables,South,334.53,31.28,0.0,9.35,9.63,0.28
2022-07-25,Furniture,Storage,South,58.58,-1.92,0.1,-3.27,-2.71,0.56
2023-10-26,Furniture,Bookcases,Central,61.86,-15.49,0.4,-25.04,-24.31,0.73
2024-08-15,Furniture,Tables,West,257.06,33.14,0.0,12.89,12.03,0.86
2024-05-24,Office Supplies,Pens,East,622.19,58.24,0.2,9.36,10.93,1.57
2023-04-04,Technology,Phones,Central,143.63,-24.66,0.4,-17.17,-16.31,0.86
2021-07-25,Office Supplies,Binders,South,247.24,36.39,0.1,14.72,13.22,1.5
2024-11-02,Office Supplies,Pens,East,348.16,97.87,0.0,28.11,28.26,0.15
2024-10-23,Office Supplies,Paper,West,783.41,43.24,0.2,5.52,6.2,0.68
2021-05-17,Furniture,Bookcases,Central,338.85,25.89,0.0,7.64,8.86,1.22
2024-03-12,Office Supplies,Pens,South,105.61,28.28,0.0,26.78,26.19,0.59
2023-10-13,Furniture,Tables,East,98.16,-22.41,0.4,-22.83,-21.38,1.45
2024-02-03,Office Supplies,Labels,South,866.28,118.68,0.1,13.7,11.73,1.97
2024-09-30,Technology,Computers,West,52.95,2.79,0.2,5.27,3.59,1.68
2021-03-12,Technology,Computers,South,44.34,9.23,0.0,20.81,19.84,0.97
2022-01-26,Office Supplies,Paper,East,25.11,7.9,0.0,31.47,32.38,0.91
2023-12-22,Office Supplies,Paper,East,185.94,11.32,0.2,6.09,5.79,0.3
2023-11-15,Technology,Accessories,Central,1677.53,376.27,0.0,22.43,20.95,1.48
2024-03-06,Technology,Copiers,Central,256.3,28.89,0.1,11.27,11.41,0.14
2021-01-17,Technology,Computers,East,81.25,8.37,0.1,10.3,10.82,0.52
2022-04-11,Office Supplies,Envelopes,East,32.4,7.37,0.0,22.74,22.66,0.08
2021-11-02,Technology,Accessories,Central,238.0,51.76,0.0,21.75,23.13,1.38
2024-01-06,Office Supplies,Labels,South,262.85,-4.84,0.3,-1.84,-1.06,0.78
2024-07-21,Technology,Copiers,South,950.87,162.6,0.0,17.1,17.19,0.09
2022-02-25,Technology,Computers,West,162.82,18.32,0.1,11.25,11.78,0.53
2023-08-23,Office Supplies,Paper,East,854.63,146.23,0.0,17.11,16.76,0.35
2021-08-22,Furniture,Bookcases,East,48.88,2.4,0.0,4.92,5.27,0.35
2023-06-27,Office Supplies,Binders,West,63.03,0.9,0.2,1.42,1.03,0.39
2022-04-20,Technology,Accessories,Central,69.4,-1.04,0.2,-1.5,-0.69,0.81
2023-06-28,Office Supplies,Paper,South,139.24,14.45,0.1,10.38,12.21,1.83
2022-02-04,Office Supplies,Envelopes,East,257.44,25.05,0.1,9.73,8.9,0.83
2023-09-08,Technology,Accessories,East,395.99,-50.92,0.4,-12.86,-11.52,1.34
2021-04-02,Office Supplies,Paper,East,357.23,16.58,0.2,4.64,5.66,1.02
2023-01-19,Technology,Copiers,East,262.52,-0.24,0.2,-0.09,0.9,0.99
2022-01-09,Technology,Phones,East,439.88,-97.08,0.5,-22.07,-22.25,0.18
2021-03-06,Technology,Accessories,South,155.24,32.46,0.0,20.91,22.18,1.27
2022-02-22,Office Supplies,Labels,Central,27.58,6.66,0.0,24.16,24.04,0.12
2023-10-23,Technology,Computers,East,444.26,-83.57,0.4,-18.81,-20.62,1.81
2023-07-06,Office Supplies,Labels,Central,184.02,6.15,0.2,3.34,3.59,0.25
2021-01-29,Office Supplies,Pens,Central,195.64,38.99,0.1,19.93,20.44,0.51
2022-11-24,Furniture,Chairs,West,66.26,1.13,0.1,1.7,1.05,0.65
2022-06-19,Technology,Accessories,East,137.62,14.41,0.1,10.47,11.36,0.89
2022-10-02,Office Supplies,Binders,South,106.32,26.2,0.0,24.64,23.1,1.54
2023-02-18,Office Supplies,Envelopes,Central,79.98,19.67,0.0,24.59,24.9,0.31
2022-02-16,Technology,Computers,South,258.61,43.27,0.0,16.73,15.96,0.77
2024-07-27,Office Supplies,Envelopes,Central,445.15,103.94,0.0,23.35,22.53,0.82
2023-10-30,Technology,Copiers,South,76.84,-12.46,0.4,-16.21,-18.16,1.95
2022-03-24,Furniture,Chairs,West,203.36,13.56,0.0,6.67,7.31,0.64
2023-03-12,Technology,Phones,Central,337.5,47.08,0.0,13.95,13.65,0.3
2023-12-12,Furniture,Bookcases,South,109.54,13.39,0.0,12.22,12.1,0.12
2022-10-27,Technology,Copiers,South,918.35,-114.98,0.4,-12.52,-11.17,1.35
2024-01-24,Technology,Accessories,West,453.72,-40.74,0.3,-8.98,-8.6,0.38
2021-08-29,Furniture,Tables,East,548.71,49.38,0.0,9.0,9.56,0.56
2024-05-27,Furniture,Tables,South,61.45,0.6,0.1,0.98,1.17,0.19
2024-05-15,Furniture,Storage,South,494.01,-2.37,0.1,-0.48,-1.47,0.99
2024-03-12,Technology,Computers,West,159.65,31.93,0.0,20.0,18.45,1.55
2021-01-26,Office Supplies,Pens,Central,1042.32,225.97,0.0,21.68,21.33,0.35
2021-07-23,Office Supplies,Pens,Central,839.81,144.28,0.0,17.18,17.56,0.38
2021-10-06,Furniture,Storage,East,30.21,-0.37,0.1,-1.23,-1.89,0.66
2023-06-03,Office Supplies,Labels,South,87.55,23.26,0.0,26.57,26.13,0.44
2024-12-03,Office Supplies,Paper,West,139.13,25.13,0.0,18.06,20.08,2.02
2022-01-06,Furniture,Bookcases,West,65.82,-2.71,0.2,-4.12,-3.62,0.5
2021-03-19,Office Supplies,Paper,Central,104.09,18.31,0.1,17.59,17.32,0.27
2021-06-24,Office Supplies,Labels,East,73.91,4.76,0.1,6.44,6.59,0.15
2022-07-03,Furniture,Storage,East,41.2,0.58,0.1,1.4,1.19,0.21
2023-10-12,Furniture,Storage,West,102.98,-9.35,0.2,-9.08,-10.71,1.63
2021-10-09,Technology,Accessories,South,41.68,0.82,0.2,1.96,1.72,0.24
2024-09-20,Technology,Accessories,West,197.31,-23.05,0.3,-11.68,-8.14,3.54
2022-12-08,Furniture,Chairs,South,115.4,-1.04,0.1,-0.9,-2.38,1.48
2023-06-27,Office Supplies,Labels,Central,170.65,36.42,0.0,21.34,21.58,0.24
2022-11-17,Office Supplies,Binders,West,179.04,3.92,0.2,2.19,1.55,0.64
2023-09-09,Technology,Accessories,West,91.42,12.39,0.0,13.55,14.7,1.15
2024-04-26,Technology,Phones,Central,101.33,1.08,0.2,1.07,2.16,1.09
2024-02-18,Technology,Phones,Central,243.15,44.93,0.0,18.48,18.45,0.03
2021-08-30,Technology,Copiers,West,287.46,69.45,0.0,24.16,25.7,1.54
2023-10-04,Office Supplies,Paper,South,96.18,13.7,0.1,14.24,14.4,0.16
2022-08-05,Technology,Computers,West,473.88,38.15,0.1,8.05,8.12,0.07
2024-07-08,Furniture,Tables,South,368.2,-116.02,0.5,-31.51,-33.54,2.03
2021-03-03,Furniture,Storage,East,654.62,27.56,0.0,4.21,2.98,1.23
2024-03-19,Furniture,Tables,East,144.57,9.73,0.0,6.73,5.6,1.13
2024-01-10,Technology,Accessories,West,588.41,13.89,0.2,2.36,1.63,0.73
2024-08-16,Office Supplies,Binders,West,1076.32,271.13,0.0,25.19,24.87,0.32
2021-04-17,Furniture,Bookcases,South,418.29,21.75,0.0,5.2,5.09,0.11
2024-05-14,Technology,Copiers,East,294.64,68.24,0.0,23.16,23.7,0.54
2022-04-08,Furniture,Storage,Central,233.07,17.76,0.0,7.62,5.5,2.12
2022-01-20,Technology,Phones,West,97.79,-1.99,0.3,-2.03,-2.32,0.29
2023-11-24,Office Supplies,Binders,South,72.53,-1.25,0.3,-1.72,-0.34,1.38
2022-03-23,Office Supplies,Envelopes,Central,714.06,159.24,0.0,22.3,22.92,0.62
2023-08-28,Office Supplies,Envelopes,East,96.6,0.65,0.3,0.67,2.04,1.37
2022-05-06,Furniture,Bookcases,West,470.36,-24.36,0.2,-5.18,-5.24,0.06
2022-01-12,Technology,Phones,South,436.78,84.69,0.0,19.39,18.58,0.81
2024-02-26,Technology,Copiers,Central,553.23,-85.42,0.4,-15.44,-14.24,1.2
2024-04-28,Technology,Accessories,East,51.26,9.53,0.0,18.59,18.78,0.19
2024-09-01,Furniture,Chairs,South,17.6,-1.5,0.2,-8.51,-8.58,0.07
2022-11-01,Office Supplies,Binders,Central,31.78,3.21,0.2,10.11,12.02,1.91
2022-04-12,Furniture,Storage,West,135.97,2.52,0.1,1.85,2.2,0.35
2024-07-16,Technology,Phones,South,365.64,7.53,0.2,2.06,3.38,1.32
2024-04-04,Furniture,Storage,East,41.66,3.05,0.0,7.31,7.26,0.05
2021-03-21,Furniture,Bookcases,East,218.51,-55.11,0.4,-25.22,-23.71,1.51
2024-02-16,Technology,Computers,Central,149.5,32.35,0.0,21.64,22.17,0.53
2024-12-19,Furniture,Tables,Central,367.02,-84.52,0.4,-23.03,-22.53,0.5
2021-04-28,Furniture,Tables,East,66.74,1.61,0.0,2.41,3.49,1.08
2021-03-27,Furniture,Tables,Central,219.47,17.21,0.0,7.84,8.49,0.65
2024-06-16,Technology,Phones,Central,187.67,0.69,0.2,0.37,-0.46,0.83
2024-12-08,Technology,Accessories,Central,65.21,8.75,0.0,13.42,15.89,2.47
2024-06-04,Furniture,Bookcases,Central,58.19,-2.33,0.2,-4.01,-5.69,1.68
2021-07-16,Technology,Copiers,East,257.01,52.76,0.0,20.53,19.24,1.29
2023-04-16,Technology,Phones,West,121.93,21.87,0.0,17.94,19.06,1.12
2021-07-09,Furniture,Chairs,Central,74.47,-15.58,0.3,-20.92,-20.49,0.43
2023-06-30,Office Supplies,Envelopes,Central,119.92,23.22,0.1,19.36,18.93,0.43
2022-03-30,Technology,Phones,South,804.1,92.15,0.1,11.46,12.88,1.42
2023-05-02,Technology,Copiers,West,63.12,-0.87,0.3,-1.38,-1.81,0.43
2023-10-11,Technology,Phones,South,508.54,-30.21,0.3,-5.94,-5.05,0.89
2023-10-29,Furniture,Bookcases,West,618.64,-12.87,0.2,-2.08,-2.72,0.64
2021-11-17,Office Supplies,Envelopes,West,226.66,11.08,0.2,4.89,3.8,1.09
2024-06-24,Technology,Phones,West,386.43,17.35,0.2,4.49,4.86,0.37
2021-11-25,Furniture,Storage,West,521.47,58.56,0.0,11.23,11.14,0.09
2023-09-02,Furniture,Tables,East,1773.92,-196.37,0.2,-11.07,-12.03,0.96
2023-01-23,Technology,Copiers,East,46.58,0.25,0.2,0.54,-0.09,0.63
2022-09-30,Technology,Phones,Central,433.94,81.06,0.0,18.68,19.29,0.61
2024-03-15,Office Supplies,Labels,West,112.95,24.66,0.0,21.83,21.26,0.57
2024-05-16,Furniture,Tables,East,558.08,-39.12,0.2,-7.01,-6.09,0.92
2024-12-04,Technology,Phones,South,13.71,1.51,0.1,10.99,11.74,0.75
2021-06-25,Office Supplies,Envelopes,Central,514.71,119.1,0.0,23.14,24.69,1.55
2021-04-29,Furniture,Storage,Central,481.38,-44.24,0.2,-9.19,-8.88,0.31
2022-11-15,Office Supplies,Labels,East,372.69,5.81,0.2,1.56,-1.05,2.61
2021-06-24,Technology,Accessories,South,60.37,-4.85,0.3,-8.04,-8.46,0.42
2021-12-23,Technology,Copiers,South,65.8,10.68,0.0,16.23,16.56,0.33
2022-03-08,Technology,Computers,East,162.23,-7.06,0.2,-4.35,-4.36,0.01
2023-02-09,Office Supplies,Envelopes,South,256.78,3.13,0.3,1.22,2.48,1.26
2022-09-20,Technology,Copiers,East,372.93,6.12,0.2,1.64,3.15,1.51
2021-07-10,Furniture,Tables,South,592.58,-42.61,0.2,-7.19,-6.29,0.9
2021-12-04,Office Supplies,Pens,West,1843.67,424.23,0.0,23.01,23.37,0.36
2024-06-04,Technology,Computers,South,42.41,-1.61,0.2,-3.79,-4.33,0.54
2022-07-08,Office Supplies,Paper,Central,418.05,-15.8,0.3,-3.78,-1.94,1.84
2021-07-08,Technology,Copiers,East,171.39,26.26,0.0,15.32,15.29,0.03
2021-08-17,Technology,Phones,West,427.54,66.18,0.0,15.48,15.08,0.4
2021-05-09,Technology,Accessories,South,47.52,-3.5,0.3,-7.36,-6.44,0.92
2021-10-14,Technology,Copiers,Central,745.38,-114.71,0.4,-15.39,-14.54,0.85
2021-05-19,Technology,Copiers,South,640.53,131.89,0.0,20.59,19.76,0.83
2021-02-11,Furniture,Bookcases,Central,149.98,-32.8,0.3,-21.87,-23.24,1.37
2022-08-10,Technology,Phones,West,336.8,62.31,0.0,18.5,17.59,0.91
2024-10-02,Technology,Copiers,Central,106.76,18.0,0.0,16.86,17.6,0.74
2021-06-05,Technology,Copiers,East,678.63,4.61,0.2,0.68,0.91,0.23
2024-05-22,Technology,Accessories,East,621.63,76.21,0.1,12.26,11.93,0.33
2023-09-14,Technology,Phones,Central,78.95,17.09,0.0,21.65,20.64,1.01
2022-10-16,Technology,Phones,South,183.67,35.34,0.0,19.24,20.82,1.58
2024-02-22,Office Supplies,Paper,Central,958.92,208.95,0.0,21.79,21.64,0.15
2022-10-24,Furniture,Storage,Central,79.52,-3.97,0.2,-4.99,-5.4,0.41
2023-07-25,Office Supplies,Pens,South,1515.58,73.81,0.2,4.87,4.61,0.26
2021-06-30,Office Supplies,Paper,South,425.32,56.14,0.1,13.2,14.52,1.32
2021-02-16,Furniture,Tables,East,81.64,6.02,0.0,7.37,7.12,0.25
2022-08-30,Office Supplies,Envelopes,Central,1144.85,-36.75,0.3,-3.21,-5.19,1.98
2021-02-04,Office Supplies,Pens,West,165.41,-2.28,0.3,-1.38,-2.73,1.35
2023-04-07,Furniture,Tables,West,304.72,32.33,0.0,10.61,9.17,1.44
2023-12-18,Furniture,Chairs,East,420.48,-42.64,0.2,-10.14,-9.03,1.11
2022-08-18,Technology,Accessories,West,68.52,-2.45,0.3,-3.57,-2.34,1.23
2022-03-10,Furniture,Chairs,East,488.72,45.74,0.0,9.36,9.97,0.61
2024-07-31,Technology,Computers,West,934.75,23.65,0.2,2.53,2.9,0.37
2022-05-25,Furniture,Chairs,East,202.19,-28.29,0.3,-13.99,-13.24,0.75
2023-04-26,Furniture,Chairs,East,60.26,2.02,0.0,3.36,3.46,0.1
2021-06-15,Office Supplies,Labels,South,196.81,6.26,0.2,3.18,2.23,0.95
2023-09-06,Office Supplies,Pens,Central,441.73,32.73,0.2,7.41,7.51,0.1
2022-09-11,Technology,Phones,West,191.08,39.46,0.0,20.65,21.75,1.1
2021-08-13,Office Supplies,Pens,South,114.64,24.59,0.0,21.45,20.73,0.72
2022-07-05,Furniture,Tables,West,888.44,83.25,0.0,9.37,10.61,1.24
2021-02-27,Furniture,Chairs,South,251.83,26.77,0.0,10.63,10.32,0.31
2021-06-04,Technology,Computers,Central,352.9,59.78,0.0,16.94,19.4,2.46
2023-10-24,Technology,Computers,East,249.54,26.38,0.1,10.57,10.19,0.38
2021-03-19,Technology,Accessories,South,28.24,-4.46,0.4,-15.8,-16.56,0.76
2023-09-20,Technology,Copiers,South,189.18,-14.21,0.3,-7.51,-8.33,0.82
2022-01-22,Technology,Phones,West,332.43,-65.82,0.5,-19.8,-18.87,0.93
2023-09-24,Furniture,Bookcases,Central,1236.2,-115.58,0.2,-9.35,-12.25,2.9
2022-05-06,Technology,Computers,West,130.57,19.83,0.0,15.19,15.11,0.08
2023-06-17,Technology,Accessories,South,132.61,17.11,0.0,12.9,13.27,0.37
2023-06-23,Technology,Accessories,South,126.84,23.17,0.0,18.27,17.86,0.41
2024-11-17,Technology,Phones,East,1459.94,255.64,0.0,17.51,17.29,0.22
2024-10-28,Technology,Accessories,West,81.72,16.51,0.0,20.2,18.38,1.82
2024-02-09,Office Supplies,Envelopes,West,1210.7,157.03,0.1,12.97,13.2,0.23
2022-07-25,Technology,Phones,East,145.41,-1.47,0.2,-1.01,0.21,1.22
2023-11-30,Technology,Accessories,South,298.65,-52.47,0.4,-17.57,-16.96,0.61
2022-07-09,Furniture,Storage,Central,82.2,-1.63,0.1,-1.98,-0.83,1.15
2024-07-25,Technology,Accessories,East,168.46,-45.52,0.5,-27.02,-27.23,0.21
2022-03-26,Technology,Accessories,East,179.12,-28.55,0.4,-15.94,-16.95,1.01
2021-09-09,Office Supplies,Pens,East,733.76,174.34,0.0,23.76,23.77,0.01
2022-11-06,Technology,Computers,South,524.7,-36.99,0.3,-7.05,-6.05,1.0
2024-11-16,Technology,Accessories,Central,72.54,12.91,0.0,17.8,18.25,0.45
2023-10-20,Furniture,Tables,South,317.72,30.72,0.0,9.67,8.05,1.62
2021-10-02,Furniture,Chairs,West,294.78,-100.96,0.5,-34.25,-34.55,0.3
2024-10-12,Office Supplies,Paper,Central,76.95,-11.6,0.5,-15.07,-15.49,0.42
2024-06-02,Office Supplies,Pens,East,511.45,121.06,0.0,23.67,22.58,1.09
2024-02-28,Furniture,Chairs,East,940.52,-10.91,0.1,-1.16,-3.61,2.45
2021-08-11,Furniture,Tables,Central,133.44,-10.15,0.2,-7.61,-8.15,0.54
2022-06-25,Technology,Phones,West,109.2,-6.97,0.3,-6.38,-6.93,0.55
2023-07-02,Technology,Copiers,South,831.84,-39.68,0.3,-4.77,-4.0,0.77
2021-01-24,Office Supplies,Paper,East,38.8,6.31,0.0,16.26,18.3,2.04
2023-08-27,Technology,Copiers,South,964.74,185.23,0.0,19.2,19.37,0.17
2021-12-03,Technology,Accessories,South,143.94,3.41,0.2,2.37,1.16,1.21
2021-09-30,Technology,Phones,Central,314.52,43.81,0.0,13.93,14.11,0.18
2021-11-09,Furniture,Chairs,Central,1072.89,-316.82,0.5,-29.53,-29.19,0.34
2023-10-06,Office Supplies,Envelopes,East,69.01,16.12,0.0,23.36,24.1,0.74
2024-04-30,Technology,Phones,West,180.97,43.29,0.0,23.92,23.54,0.38
2021-04-03,Technology,Copiers,West,228.7,-21.2,0.3,-9.27,-8.74,0.53
2021-09-22,Technology,Computers,West,97.15,-19.64,0.4,-20.22,-20.42,0.2
2021-08-15,Furniture,Chairs,East,51.57,0.55,0.1,1.07,0.01,1.06
2022-11-15,Technology,Accessories,South,23.04,3.3,0.1,14.34,14.15,0.19
2024-06-25,Technology,Computers,South,256.13,47.85,0.0,18.68,18.27,0.41
2021-12-24,Technology,Accessories,Central,440.94,-106.58,0.5,-24.17,-23.19,0.98
2021-10-22,Furniture,Chairs,Central,128.67,-15.89,0.2,-12.35,-12.58,0.23
2022-02-02,Office Supplies,Paper,West,353.25,71.92,0.0,20.36,19.11,1.25
2021-11-05,Office Supplies,Paper,Central,585.42,130.2,0.0,22.24,22.09,0.15
2023-10-19,Office Supplies,Paper,Central,559.79,81.51,0.1,14.56,12.53,2.03
2024-01-23,Furniture,Tables,South,33.12,-10.05,0.5,-30.33,-28.28,2.05
2024-12-05,Office Supplies,Pens,East,15.0,2.76,0.0,18.39,19.89,1.5
2022-01-30,Office Supplies,Pens,West,96.51,16.32,0.0,16.91,15.6,1.31
2022-09-13,Office Supplies,Labels,Central,482.29,72.15,0.1,14.96,14.94,0.02
2023-05-14,Technology,Computers,West,563.95,7.39,0.2,1.31,1.26,0.05
2023-04-06,Office Supplies,Labels,Central,90.66,19.61,0.0,21.63,21.97,0.34
2021-05-11,Furniture,Chairs,South,270.38,-29.39,0.2,-10.87,-10.01,0.86
2024-03-12,Office Supplies,Pens,West,297.71,11.64,0.2,3.91,2.24,1.67
2022-02-27,Technology,Phones,West,318.95,-29.82,0.3,-9.35,-9.39,0.04
2022-03-06,Technology,Copiers,Central,118.06,7.28,0.2,6.17,6.57,0.4
2024-02-12,Office Supplies,Paper,East,95.79,5.09,0.2,5.31,6.12,0.81
2022-12-24,Furniture,Tables,West,702.63,68.86,0.0,9.8,11.81,2.01
2021-08-23,Office Supplies,Labels,West,148.29,28.74,0.0,19.38,19.54,0.16
2023-09-27,Technology,Accessories,South,563.47,-75.56,0.4,-13.41,-14.04,0.63
2023-07-03,Office Supplies,Labels,Central,89.85,10.47,0.1,11.65,11.44,0.21
2022-02-09,Furniture,Chairs,Central,366.7,22.26,0.1,6.07,7.9,1.83
2024-09-28,Office Supplies,Envelopes,South,50.59,14.77,0.0,29.2,29.94,0.74
2024-08-20,Furniture,Storage,Central,104.42,5.57,0.0,5.33,4.37,0.96
2023-07-28,Technology,Copiers,East,535.33,59.64,0.1,11.14,11.79,0.65
2024-08-28,Technology,Copiers,South,77.58,12.35,0.0,15.92,14.65,1.27
2021-05-20,Technology,Phones,East,111.44,14.4,0.0,12.92,13.4,0.48
2022-08-13,Technology,Computers,East,393.94,-5.71,0.3,-1.45,-1.99,0.54
2021-05-05,Furniture,Storage,South,61.73,6.38,0.0,10.34,9.24,1.1
2022-10-27,Technology,Copiers,South,756.84,123.36,0.0,16.3,15.45,0.85
2022-08-09,Office Supplies,Paper,Central,569.18,-85.15,0.4,-14.96,-14.93,0.03
2021-11-15,Office Supplies,Labels,South,239.96,-24.43,0.4,-10.18,-11.42,1.24
2022-03-06,Furniture,Storage,Central,272.31,31.56,0.0,11.59,10.82,0.77
2024-07-20,Furniture,Storage,West,64.83,4.86,0.0,7.49,6.44,1.05
2022-09-16,Furniture,Bookcases,West,773.01,-49.7,0.2,-6.43,-7.37,0.94
2021-08-09,Office Supplies,Envelopes,East,227.05,0.68,0.3,0.3,1.78,1.48
2023-12-21,Furniture,Storage,Central,406.06,39.75,0.0,9.79,9.18,0.61
2022-09-30,Office Supplies,Pens,Central,292.4,50.29,0.1,17.2,15.8,1.4
2021-03-27,Technology,Computers,East,45.87,9.45,0.0,20.6,21.6,1.0
2023-12-09,Technology,Phones,West,66.79,12.04,0.0,18.02,17.51,0.51
2023-07-07,Furniture,Tables,West,262.99,15.75,0.0,5.99,4.89,1.1
2024-01-19,Furniture,Chairs,Central,811.42,1.46,0.1,0.18,-0.27,0.45
2022-06-27,Technology,Phones,East,95.72,15.2,0.0,15.88,16.43,0.55
2023-09-07,Office Supplies,Binders,Central,540.55,3.24,0.3,0.6,1.27,0.67
2022-09-06,Furniture,Tables,West,81.99,7.44,0.0,9.08,8.04,1.04
2021-08-24,Technology,Copiers,South,107.15,-26.35,0.5,-24.59,-25.68,1.09
2021-10-17,Office Supplies,Binders,Central,294.83,-15.51,0.3,-5.26,-5.82,0.56
2021-07-18,Furniture,Chairs,East,441.05,8.91,0.1,2.02,2.33,0.31
2022-06-09,Technology,Phones,West,491.35,88.0,0.0,17.91,18.24,0.33
2023-12-31,Furniture,Chairs,West,63.19,-7.72,0.2,-12.21,-12.25,0.04
2023-10-14,Technology,Accessories,Central,346.28,27.67,0.1,7.99,8.08,0.09
2023-06-12,Technology,Computers,South,61.79,9.23,0.1,14.94,14.76,0.18
2022-08-28,Office Supplies,Envelopes,West,222.32,-48.13,0.5,-21.65,-22.15,0.5
2021-02-04,Office Supplies,Binders,East,293.42,-23.97,0.4,-8.17,-8.87,0.7
2022-09-11,Furniture,Storage,Central,41.74,-9.76,0.4,-23.39,-24.07,0.68
2021-12-17,Office Supplies,Envelopes,Central,359.53,-19.95,0.4,-5.55,-8.24,2.69
2024-07-14,Office Supplies,Binders,South,58.63,8.51,0.1,14.51,14.42,0.09
2022-05-21,Furniture,Storage,South,213.13,-39.28,0.3,-18.43,-18.06,0.37
2022-05-03,Furniture,Bookcases,East,493.32,-61.57,0.2,-12.48,-12.65,0.17
2021-09-18,Technology,Phones,East,163.6,13.12,0.1,8.02,9.17,1.15
2024-08-17,Office Supplies,Pens,East,29.14,6.35,0.1,21.8,23.11,1.31
2022-12-15,Technology,Accessories,East,78.92,2.15,0.2,2.72,4.09,1.37
2021-05-26,Furniture,Chairs,East,103.73,6.44,0.0,6.21,6.63,0.42
2022-12-22,Technology,Computers,East,64.95,-15.92,0.5,-24.51,-24.78,0.27
2024-08-06,Office Supplies,Envelopes,East,133.99,28.42,0.0,21.21,21.7,0.49
2024-12-25,Furniture,Chairs,East,472.97,-68.72,0.3,-14.53,-14.47,0.06
2024-10-07,Furniture,Chairs,East,93.89,-13.37,0.3,-14.24,-16.5,2.26
2022-06-08,Technology,Accessories,West,82.03,7.93,0.1,9.67,10.34,0.67
2023-02-19,Office Supplies,Envelopes,Central,309.89,6.04,0.3,1.95,1.75,0.2
2023-02-14,Furniture,Bookcases,South,111.02,6.84,0.0,6.16,6.33,0.17
2022-03-29,Furniture,Storage,West,345.72,19.19,0.0,5.55,6.44,0.89
2021-06-23,Technology,Computers,South,266.74,44.84,0.0,16.81,16.9,0.09
2024-12-28,Technology,Accessories,Central,377.96,-86.59,0.5,-22.91,-22.15,0.76
2023-07-01,Technology,Copiers,South,530.91,121.42,0.0,22.87,22.35,0.52
2023-11-18,Office Supplies,Binders,West,46.18,-0.47,0.3,-1.01,-1.93,0.92
2023-01-17,Furniture,Chairs,West,20.74,1.16,0.0,5.57,6.15,0.58
2021-06-22,Furniture,Bookcases,South,580.37,59.6,0.0,10.27,10.0,0.27
2024-10-04,Office Supplies,Paper,East,229.2,48.64,0.0,21.22,20.35,0.87
2021-01-15,Furniture,Storage,South,146.93,11.11,0.0,7.56,8.07,0.51
2022-08-29,Furniture,Tables,South,523.64,-33.88,0.2,-6.47,-6.89,0.42
2023-04-03,Technology,Phones,West,442.61,-74.4,0.4,-16.81,-17.64,0.83
2021-02-28,Office Supplies,Paper,East,929.15,53.15,0.2,5.72,5.73,0.01
2021-05-25,Furniture,Tables,Central,98.21,4.76,0.0,4.85,3.0,1.85
2022-09-17,Office Supplies,Binders,Central,241.23,41.64,0.1,17.26,17.71,0.45
2023-03-30,Technology,Copiers,East,559.07,37.9,0.1,6.78,7.26,0.48
2021-07-24,Furniture,Storage,East,58.95,-17.47,0.4,-29.63,-28.92,0.71
2024-03-08,Office Supplies,Envelopes,South,106.3,21.58,0.0,20.3,21.11,0.81
2021-05-08,Office Supplies,Labels,South,378.75,-59.73,0.5,-15.77,-16.5,0.73
2023-03-06,Office Supplies,Envelopes,South,346.66,45.97,0.1,13.26,13.54,0.28
2022-12-08,Technology,Accessories,Central,519.43,-1.66,0.2,-0.32,-0.85,0.53
2022-02-05,Office Supplies,Labels,Central,143.06,33.79,0.0,23.62,25.07,1.45
2021-10-27,Furniture,Tables,South,65.84,4.38,0.0,6.65,4.65,2.0
2021-01-27,Furniture,Storage,East,446.02,51.87,0.0,11.63,11.87,0.24
2022-12-01,Office Supplies,Labels,West,19.78,3.96,0.0,20.0,19.75,0.25
2021-04-07,Furniture,Chairs,South,130.55,-1.41,0.1,-1.08,-0.96,0.12
2024-09-12,Technology,Accessories,West,144.73,24.81,0.0,17.14,18.14,1.0
2024-12-23,Technology,Computers,South,70.44,5.14,0.2,7.3,6.29,1.01
2022-05-13,Furniture,Bookcases,West,506.03,13.51,0.0,2.67,0.17,2.5
2023-09-10,Furniture,Bookcases,Central,242.44,-2.89,0.1,-1.19,-2.25,1.06
2022-01-21,Office Supplies,Pens,South,117.17,24.27,0.1,20.71,18.51,2.2
2022-04-11,Office Supplies,Envelopes,West,241.43,27.11,0.1,11.23,11.33,0.1
2023-08-23,Technology,Accessories,East,725.67,161.53,0.0,22.26,24.29,2.03
2022-09-05,Technology,Accessories,West,562.96,116.36,0.0,20.67,21.48,0.81
2024-09-18,Technology,Phones,South,72.05,15.25,0.0,21.16,21.37,0.21
2021-04-17,Technology,Phones,East,90.62,-13.83,0.4,-15.26,-14.21,1.05
2021-09-29,Technology,Computers,West,579.09,-164.92,0.5,-28.48,-28.37,0.11
2023-03-03,Office Supplies,Labels,West,41.46,7.16,0.0,17.27,17.28,0.01
2021-10-05,Furniture,Tables,Central,58.16,-10.97,0.3,-18.86,-18.35,0.51
2022-06-11,Furniture,Tables,East,196.27,21.31,0.0,10.86,11.32,0.46
2022-08-25,Technology,Copiers,East,469.63,-49.55,0.3,-10.55,-10.9,0.35
2023-11-27,Office Supplies,Paper,South,121.84,-6.3,0.3,-5.17,-4.86,0.31
2023-09-12,Office Supplies,Paper,East,818.67,205.98,0.0,25.16,26.1,0.94
2024-12-17,Furniture,Chairs,South,48.73,0.98,0.0,2.02,2.1,0.08
2021-09-26,Office Supplies,Paper,East,690.48,-40.74,0.3,-5.9,-6.26,0.36
2021-09-09,Office Supplies,Pens,Central,16.5,0.74,0.2,4.51,3.56,0.95
2024-05-31,Office Supplies,Paper,Central,124.41,14.74,0.1,11.85,13.59,1.74
2023-11-17,Office Supplies,Labels,West,151.25,23.93,0.1,15.82,16.4,0.58
2023-03-13,Technology,Copiers,Central,113.39,16.99,0.0,14.98,15.06,0.08
2022-04-03,Furniture,Tables,East,326.96,-67.84,0.4,-20.75,-21.14,0.39
2023-07-15,Furniture,Chairs,West,82.03,0.94,0.1,1.15,2.26,1.11
2021-09-30,Furniture,Tables,West,816.05,-9.63,0.1,-1.18,-3.06,1.88
2023-04-07,Technology,Computers,East,42.71,8.98,0.0,21.02,20.97,0.05
2023-04-15,Technology,Computers,West,346.04,-62.15,0.4,-17.96,-19.14,1.18
2023-01-15,Office Supplies,Binders,Central,128.44,-15.01,0.4,-11.69,-12.64,0.95
2022-07-16,Technology,Phones,West,681.97,-117.3,0.4,-17.2,-18.02,0.82
2021-10-16,Technology,Phones,South,1253.86,-142.56,0.3,-11.37,-10.89,0.48
2021-12-03,Furniture,Tables,East,187.75,-42.88,0.4,-22.84,-23.65,0.81
2022-06-28,Furniture,Storage,Central,115.87,3.94,0.0,3.4,2.14,1.26
2023-02-24,Technology,Copiers,West,411.29,89.17,0.0,21.68,23.46,1.78
2024-11-17,Furniture,Bookcases,West,299.65,8.15,0.1,2.72,2.87,0.15
2022-12-23,Technology,Accessories,West,132.7,10.83,0.1,8.16,8.39,0.23
2021-04-04,Technology,Accessories,West,290.46,42.58,0.0,14.66,15.09,0.43
2021-03-08,Office Supplies,Binders,South,26.96,5.05,0.0,18.73,21.53,2.8
2023-04-06,Furniture,Storage,Central,108.41,-10.03,0.2,-9.25,-7.33,1.92
2024-11-02,Furniture,Bookcases,West,653.19,36.45,0.0,5.58,5.5,0.08
2023-11-10,Furniture,Chairs,Central,122.29,6.38,0.0,5.22,6.18,0.96
2021-06-07,Furniture,Chairs,East,137.62,-14.55,0.2,-10.57,-11.76,1.19
2022-12-19,Technology,Accessories,West,106.87,9.17,0.1,8.58,7.32,1.26
2024-01-08,Furniture,Tables,East,181.6,16.34,0.0,9.0,9.2,0.2
2023-05-21,Office Supplies,Labels,East,267.57,-0.88,0.3,-0.33,-0.94,0.61
2023-02-07,Office Supplies,Pens,South,299.24,69.3,0.0,23.16,24.98,1.82
2023-08-19,Technology,Copiers,South,1123.25,245.99,0.0,21.9,21.19,0.71
2022-11-11,Technology,Computers,East,186.97,35.09,0.0,18.77,16.88,1.89
2024-06-16,Office Supplies,Envelopes,West,131.87,15.75,0.1,11.94,13.73,1.79
2022-02-12,Office Supplies,Pens,East,611.08,81.4,0.1,13.32,13.01,0.31
2023-11-06,Office Supplies,Pens,West,591.58,123.29,0.0,20.84,19.17,1.67
2021-12-24,Technology,Phones,South,470.77,-25.37,0.3,-5.39,-4.96,0.43
2024-03-08,Technology,Copiers,Central,27.28,4.98,0.0,18.27,19.02,0.75
2021-10-29,Furniture,Bookcases,South,76.47,-13.27,0.3,-17.35,-17.76,0.41
2022-08-24,Technology,Accessories,Central,198.77,-33.04,0.4,-16.62,-17.54,0.92
2024-06-30,Office Supplies,Paper,East,866.42,33.88,0.2,3.91,4.28,0.37
2022-11-04,Office Supplies,Envelopes,East,750.42,69.56,0.1,9.27,8.42,0.85
2024-07-18,Technology,Phones,East,158.5,29.58,0.0,18.66,19.24,0.58
2023-10-26,Technology,Copiers,Central,856.95,-71.81,0.3,-8.38,-8.69,0.31
2021-05-13,Technology,Accessories,East,497.26,98.26,0.0,19.76,19.05,0.71
2022-09-19,Furniture,Storage,West,142.21,-20.41,0.2,-14.35,-13.1,1.25
2023-06-13,Furniture,Bookcases,South,97.52,-18.9,0.4,-19.38,-20.11,0.73
2024-11-15,Office Supplies,Pens,South,241.55,13.09,0.2,5.42,3.44,1.98
2024-09-05,Technology,Accessories,East,78.55,0.54,0.2,0.69,-0.79,1.48
2021-03-25,Office Supplies,Binders,West,43.38,0.48,0.2,1.11,2.34,1.23
2021-08-05,Technology,Computers,West,76.34,6.75,0.1,8.84,8.83,0.01
2023-12-26,Office Supplies,Labels,Central,95.05,19.93,0.0,20.97,21.63,0.66
2021-01-26,Furniture,Chairs,South,211.58,-18.09,0.2,-8.55,-9.49,0.94
2024-02-27,Furniture,Bookcases,West,55.56,-7.22,0.3,-13.0,-12.76,0.24
2024-05-22,Furniture,Tables,South,22.38,-2.74,0.3,-12.24,-10.99,1.25
2023-07-31,Office Supplies,Paper,Central,294.69,-9.02,0.2,-3.06,-1.48,1.58
2023-09-13,Office Supplies,Envelopes,East,71.47,15.7,0.0,21.97,19.85,2.12
2022-07-30,Technology,Computers,West,256.27,25.06,0.1,9.78,10.02,0.24
2022-11-20,Office Supplies,Pens,Central,454.58,121.55,0.0,26.74,27.66,0.92
2024-12-27,Office Supplies,Envelopes,East,98.08,24.07,0.0,24.54,25.34,0.8
2024-07-21,Technology,Accessories,East,111.29,-31.33,0.5,-28.15,-27.2,0.95
2022-03-16,Technology,Accessories,East,207.23,4.46,0.2,2.15,1.5,0.65
2022-12-18,Furniture,Bookcases,East,265.45,-77.54,0.5,-29.21,-29.87,0.66
2021-07-08,Technology,Computers,Central,65.38,-0.6,0.2,-0.92,-1.66,0.74
2023-03-29,Office Supplies,Labels,South,416.04,45.89,0.1,11.03,10.97,0.06
2021-06-28,Office Supplies,Binders,Central,487.75,74.28,0.1,15.23,14.73,0.5
2021-09-05,Technology,Accessories,East,124.38,21.32,0.0,17.14,18.17,1.03
2022-05-12,Technology,Computers,South,1405.86,-107.55,0.3,-7.65,-8.24,0.59
2021-07-17,Technology,Computers,Central,96.39,16.71,0.0,17.34,16.27,1.07
2021-05-19,Office Supplies,Paper,Central,105.34,27.19,0.0,25.81,27.11,1.3
2023-04-23,Furniture,Tables,South,189.07,-32.43,0.3,-17.15,-17.96,0.81
2024-04-12,Furniture,Bookcases,East,90.19,2.3,0.0,2.55,3.34,0.79
2021-05-07,Furniture,Bookcases,Central,14.13,-0.02,0.1,-0.15,1.32,1.47
2024-03-18,Furniture,Chairs,South,73.48,1.25,0.1,1.7,2.36,0.66
2024-09-14,Office Supplies,Pens,East,133.8,25.5,0.0,19.06,19.72,0.66
2023-11-02,Furniture,Tables,South,141.61,7.72,0.0,5.45,4.72,0.73
2022-01-19,Technology,Accessories,West,433.92,61.88,0.0,14.26,14.73,0.47
2021-07-05,Furniture,Tables,East,505.88,-59.29,0.3,-11.72,-11.85,0.13
2022-11-10,Furniture,Chairs,West,179.72,2.44,0.1,1.36,1.11,0.25
2024-10-20,Office Supplies,Binders,South,122.18,-2.99,0.3,-2.45,-2.63,0.18
2021-10-01,Furniture,Storage,West,315.21,-86.46,0.4,-27.43,-27.31,0.12
2022-09-22,Office Supplies,Envelopes,East,519.19,102.33,0.1,19.71,20.37,0.66
2021-02-07,Office Supplies,Pens,West,431.17,94.25,0.0,21.86,22.04,0.18
2022-08-24,Office Supplies,Labels,East,50.06,10.1,0.0,20.17,20.76,0.59
2022-08-20,Office Supplies,Pens,West,620.82,137.88,0.0,22.21,23.27,1.06
2023-01-01,Office Supplies,Labels,Central,745.1,-33.08,0.3,-4.44,-5.63,1.19
2023-07-29,Furniture,Tables,Central,298.73,-6.21,0.1,-2.08,-1.05,1.03
2022-02-15,Furniture,Bookcases,Central,88.02,6.39,0.0,7.26,7.69,0.43
2024-09-03,Office Supplies,Envelopes,Central,198.31,10.25,0.2,5.17,4.73,0.44
2022-03-03,Technology,Computers,West,78.68,3.01,0.2,3.83,4.3,0.47
2021-08-22,Furniture,Storage,West,24.83,1.44,0.0,5.79,4.32,1.47
2024-09-07,Technology,Accessories,East,299.17,-38.98,0.3,-13.03,-12.73,0.3
2024-01-13,Office Supplies,Paper,Central,381.25,54.1,0.1,14.19,13.21,0.98
2023-03-26,Technology,Computers,West,788.4,64.81,0.1,8.22,7.8,0.42
2024-07-29,Technology,Copiers,Central,21.0,-2.36,0.3,-11.26,-10.13,1.13
2022-02-22,Office Supplies,Paper,East,121.22,1.67,0.3,1.38,-0.15,1.53
2021-12-15,Technology,Computers,West,59.01,10.52,0.0,17.83,17.75,0.08
2023-10-24,Furniture,Chairs,South,968.02,88.57,0.0,9.15,8.81,0.34
2022-08-10,Office Supplies,Envelopes,West,474.08,-53.9,0.4,-11.37,-11.14,0.23
2021-11-22,Technology,Phones,East,221.87,30.86,0.0,13.91,16.05,2.14
2024-01-23,Office Supplies,Pens,East,440.94,64.6,0.1,14.65,13.23,1.42
2024-05-15,Furniture,Chairs,Central,75.17,-0.53,0.1,-0.7,-0.88,0.18
2021-05-31,Office Supplies,Paper,Central,152.97,30.75,0.0,20.1,19.74,0.36
2021-02-09,Office Supplies,Labels,South,77.48,16.57,0.0,21.38,20.77,0.61
2024-02-29,Furniture,Tables,West,162.67,-13.92,0.2,-8.56,-6.39,2.17
2023-10-11,Furniture,Bookcases,East,918.04,-70.14,0.2,-7.64,-7.42,0.22
2022-02-07,Technology,Computers,Central,80.24,-10.49,0.4,-13.07,-13.41,0.34
2022-11-08,Technology,Accessories,Central,243.03,15.12,0.1,6.22,6.27,0.05
2022-09-05,Technology,Computers,Central,211.23,34.35,0.0,16.26,15.26,1.0
2021-04-18,Technology,Copiers,West,167.79,18.68,0.1,11.13,10.1,1.03
2023-09-20,Furniture,Bookcases,Central,825.41,101.53,0.0,12.3,13.42,1.12
2022-12-20,Technology,Phones,South,345.02,40.09,0.1,11.62,11.19,0.43
2024-08-02,Furniture,Chairs,West,57.59,-5.82,0.3,-10.11,-12.1,1.99
2021-09-20,Furniture,Storage,Central,127.71,-9.35,0.2,-7.32,-8.76,1.44
2022-07-14,Furniture,Bookcases,West,10.07,-1.98,0.3,-19.66,-20.81,1.15
2023-12-28,Furniture,Storage,East,72.17,-11.97,0.3,-16.58,-17.92,1.34
2024-11-15,Technology,Phones,East,243.76,-44.05,0.4,-18.07,-19.91,1.84
2023-10-19,Furniture,Bookcases,Central,258.14,-77.52,0.5,-30.03,-29.72,0.31
2021-12-31,Furniture,Storage,South,118.5,-7.54,0.2,-6.36,-8.13,1.77
2024-10-01,Office Supplies,Pens,East,118.17,13.28,0.1,11.24,11.06,0.18
2023-08-02,Furniture,Bookcases,West,139.94,6.3,0.0,4.5,5.97,1.47
2022-12-23,Office Supplies,Envelopes,Central,1174.68,206.39,0.0,17.57,17.36,0.21
2022-03-27,Furniture,Chairs,East,170.76,9.49,0.1,5.56,5.26,0.3
2023-02-24,Furniture,Storage,East,358.29,14.26,0.1,3.98,3.01,0.97
2021-01-15,Office Supplies,Binders,Central,230.71,37.74,0.1,16.36,16.3,0.06
2023-09-02,Office Supplies,Paper,West,450.4,103.28,0.0,22.93,23.25,0.32
2022-12-26,Office Supplies,Pens,West,44.03,9.21,0.0,20.91,21.09,0.18
2023-01-31,Office Supplies,Binders,Central,14.1,2.9,0.0,20.6,20.23,0.37
2022-05-22,Technology,Copiers,Central,99.47,20.16,0.0,20.27,19.9,0.37
2023-11-01,Furniture,Bookcases,Central,482.08,-7.33,0.0,-1.52,-1.84,0.32
2022-11-15,Office Supplies,Pens,South,60.04,4.48,0.2,7.46,9.14,1.68
2022-01-25,Technology,Copiers,East,1147.93,161.97,0.0,14.11,13.34,0.77
2021-06-23,Office Supplies,Labels,West,17.23,3.64,0.0,21.14,22.1,0.96
2024-05-08,Furniture,Bookcases,Central,307.17,-69.3,0.3,-22.56,-21.31,1.25
2021-01-03,Office Supplies,Pens,East,231.33,30.58,0.1,13.22,13.23,0.01
2024-01-18,Furniture,Storage,Central,267.17,-8.71,0.1,-3.26,-4.6,1.34
2024-07-21,Furniture,Storage,South,105.19,1.46,0.1,1.39,0.9,0.49
2024-04-08,Furniture,Storage,West,436.48,51.9,0.0,11.89,11.81,0.08
2022-11-23,Furniture,Storage,East,59.34,6.95,0.0,11.71,11.45,0.26
2022-09-09,Technology,Copiers,Central,80.5,-11.27,0.4,-14.0,-15.94,1.94
2023-12-21,Technology,Copiers,Central,369.95,42.43,0.2,11.47,11.98,0.51
2022-10-19,Furniture,Chairs,West,681.06,-32.15,0.2,-4.72,-3.48,1.24
2024-04-02,Office Supplies,Binders,West,461.27,111.26,0.0,24.12,24.9,0.78
2022-09-22,Technology,Accessories,West,456.19,68.34,0.0,14.98,14.79,0.19
2021-12-15,Furniture,Bookcases,West,328.02,21.09,0.0,6.43,5.87,0.56
2021-07-04,Technology,Phones,West,328.21,40.07,0.1,12.21,13.14,0.93
2024-05-13,Furniture,Tables,South,152.39,-24.93,0.3,-16.36,-15.94,0.42
2021-07-21,Furniture,Tables,West,168.72,9.43,0.0,5.59,5.12,0.47
2022-11-01,Technology,Copiers,Central,184.42,-7.95,0.3,-4.31,-3.7,0.61
2023-05-08,Furniture,Storage,East,696.15,76.58,0.0,11.0,12.18,1.18
2022-02-01,Furniture,Tables,South,71.86,5.48,0.0,7.62,6.55,1.07
2021-02-02,Office Supplies,Pens,South,494.31,87.39,0.0,17.68,19.78,2.1
2024-02-06,Office Supplies,Binders,Central,290.7,48.2,0.1,16.58,15.77,0.81
2024-09-11,Technology,Accessories,South,633.55,15.4,0.2,2.43,4.03,1.6
2021-08-06,Technology,Computers,Central,345.35,44.86,0.0,12.99,13.7,0.71
2024-03-26,Technology,Accessories,Central,769.13,158.36,0.0,20.59,21.33,0.74
2024-12-06,Office Supplies,Envelopes,Central,440.24,100.2,0.0,22.76,21.84,0.92
2021-03-01,Office Supplies,Envelopes,West,21.67,2.72,0.1,12.56,12.59,0.03
2023-06-10,Technology,Accessories,South,351.89,29.31,0.1,8.33,8.65,0.32
2021-10-16,Technology,Copiers,West,306.88,9.3,0.2,3.03,3.12,0.09
2021-01-13,Technology,Phones,East,111.67,7.38,0.1,6.61,7.08,0.47
2023-11-17,Technology,Accessories,East,247.29,42.83,0.0,17.32,17.97,0.65
2024-05-06,Office Supplies,Pens,East,159.09,-4.66,0.3,-2.93,-2.45,0.48
2024-10-28,Furniture,Chairs,East,163.32,-10.93,0.3,-6.69,-6.93,0.24
2021-10-12,Technology,Phones,West,202.29,-53.18,0.5,-26.29,-27.71,1.42
2024-05-29,Technology,Copiers,East,23.12,-5.47,0.5,-23.67,-23.84,0.17
2021-11-10,Furniture,Bookcases,South,134.86,11.5,0.0,8.53,9.38,0.85
2021-04-24,Technology,Accessories,Central,25.26,4.0,0.1,15.85,16.0,0.15
2021-01-20,Furniture,Bookcases,West,101.21,8.46,0.0,8.36,7.56,0.8
2022-04-25,Office Supplies,Pens,West,165.87,34.24,0.0,20.64,21.16,0.52
2023-09-16,Furniture,Storage,South,90.57,3.05,0.0,3.37,4.36,0.99
2023-10-04,Office Supplies,Envelopes,South,427.88,24.6,0.2,5.75,5.58,0.17
2024-01-11,Technology,Computers,Central,144.63,-17.64,0.4,-12.2,-12.02,0.18
2024-08-21,Technology,Computers,East,152.62,-11.6,0.3,-7.6,-8.03,0.43
2022-05-23,Technology,Computers,East,863.73,-52.34,0.3,-6.06,-7.53,1.47
2021-07-27,Technology,Accessories,West,197.98,1.19,0.2,0.6,2.32,1.72
2024-06-20,Furniture,Bookcases,South,456.25,17.52,0.0,3.84,4.43,0.59
2022-05-05,Technology,Phones,West,328.15,70.91,0.0,21.61,21.52,0.09
2021-07-04,Office Supplies,Labels,South,284.62,28.63,0.1,10.06,11.11,1.05
2021-06-18,Technology,Phones,Central,1244.26,192.61,0.1,15.48,13.45,2.03
